,time,sigma,beta,omega,alpha,S,I,C,D
0,0.0,0.95,0.9285714285714286,0.5151515151515152,0.22222222222222224,0.9998,0.0002,0.5,0.5
1,0.5016722408026756,0.95,0.9285714285714286,0.5151515151515152,0.22222222222222224,0.9997515592823378,0.00024844071766225064,0.45767205589502585,0.5423279441049742
2,1.0033444816053512,0.95,0.9285714285714286,0.5151515151515152,0.22222222222222224,0.9996875410826922,0.00031245891730797014,0.4159488782100054,0.5840511217899946
3,1.5050167224080266,0.95,0.9285714285714286,0.5151515151515152,0.22222222222222224,0.9996020326500036,0.0003979673499963714,0.37539957719866773,0.6246004228013321
4,2.0066889632107023,0.95,0.9285714285714286,0.5151515151515152,0.22222222222222224,0.999486656402106,0.0005133435978941186,0.33652958306595526,0.6634704169340446
5,2.508361204013378,0.95,0.9285714285714286,0.5151515151515152,0.22222222222222224,0.9993294759846612,0.0006705240153390611,0.29975783170706827,0.7002421682929316
6,3.0100334448160533,0.95,0.9285714285714286,0.5151515151515152,0.22222222222222224,0.9991134127607486,0.0008865872392515619,0.26540322523669646,0.7345967747633032
7,3.511705685618729,0.95,0.9285714285714286,0.5151515151515152,0.22222222222222224,0.9988139317255641,0.001186068274435989,0.2336801672044685,0.7663198327955313
8,4.013377926421405,0.95,0.9285714285714286,0.5151515151515152,0.22222222222222224,0.9983956736232158,0.001604326376784404,0.2047026304038102,0.7952973695961896
9,4.51505016722408,0.95,0.9285714285714286,0.5151515151515152,0.22222222222222224,0.9978075358521046,0.002192464147895523,0.17849453331819096,0.8215054666818087
10,5.016722408026756,0.95,0.9285714285714286,0.5151515151515152,0.22222222222222224,0.9969755565222491,0.0030244434777509975,0.15500434502759314,0.8449956549724066
11,5.518394648829432,0.95,0.9285714285714286,0.5151515151515152,0.22222222222222224,0.9957926010155197,0.004207398984480364,0.13412149046440483,0.8658785095355948
12,6.020066889632107,0.95,0.9285714285714286,0.5151515151515152,0.22222222222222224,0.9941035777233672,0.005896422276632922,0.11569282702495454,0.8843071729750451
13,6.521739130434782,0.95,0.9285714285714286,0.5151515151515152,0.22222222222222224,0.9916844624467231,0.008315537553277009,0.0995377511773028,0.9004622488226969
14,7.023411371237458,0.95,0.9285714285714286,0.5151515151515152,0.22222222222222224,0.9882131222996722,0.011786877700328047,0.08546117874454029,0.9145388212554595
15,7.525083612040134,0.95,0.9285714285714286,0.5151515151515152,0.22222222222222224,0.9832298523076652,0.016770147692334862,0.07326403038439763,0.9267359696156021
16,8.02675585284281,0.95,0.9285714285714286,0.5151515151515152,0.22222222222222224,0.9760866015888602,0.023913398411139934,0.0627512292824952,0.9372487707175046
17,8.528428093645484,0.95,0.9285714285714286,0.5151515151515152,0.22222222222222224,0.9658868971182955,0.034113102881704715,0.053737401994805416,0.9462625980051943
18,9.03010033444816,0.95,0.9285714285714286,0.5151515151515152,0.22222222222222224,0.9514262754212418,0.04857372457875842,0.04605059000763408,0.9539494099923655
19,9.531772575250836,0.95,0.9285714285714286,0.5151515151515152,0.22222222222222224,0.9311576027764932,0.0688423972235071,0.03953427515174254,0.9604657248482572
20,10.033444816053512,0.95,0.9285714285714286,0.5151515151515152,0.22222222222222224,0.9032302899150639,0.09676971008493626,0.0340479942546151,0.9659520057453845
21,10.535117056856187,0.95,0.9285714285714286,0.5151515151515152,0.22222222222222224,0.8656806439060397,0.13431935609396053,0.02946673823759588,0.9705332617624037
22,11.036789297658864,0.95,0.9285714285714286,0.5151515151515152,0.22222222222222224,0.8168592081723307,0.18314079182766946,0.025679295134881618,0.974320704865118
23,11.538461538461538,0.95,0.9285714285714286,0.5151515151515152,0.22222222222222224,0.7561176164229184,0.24388238357708178,0.0225857486243527,0.9774142513756469
24,12.040133779264213,0.95,0.9285714285714286,0.5151515151515152,0.22222222222222224,0.6845903409503463,0.315409659049654,0.020094543397167382,0.9799054566028321
25,12.54180602006689,0.95,0.9285714285714286,0.5151515151515152,0.22222222222222224,0.6056507052343253,0.3943492947656749,0.01811982245999712,0.9818801775400026
26,13.043478260869565,0.95,0.9285714285714286,0.5151515151515152,0.22222222222222224,0.5245507408799472,0.475449259120053,0.016579896046825877,0.9834201039531737
27,13.545150501672241,0.95,0.9285714285714286,0.5151515151515152,0.22222222222222224,0.44714998078207646,0.5528500192179239,0.015397395810045504,0.984602604189954
28,14.046822742474916,0.95,0.9285714285714286,0.5151515151515152,0.22222222222222224,0.37831285196386405,0.6216871480361362,0.014500891208439455,0.9854991087915599
29,14.548494983277592,0.95,0.9285714285714286,0.5151515151515152,0.22222222222222224,0.32083439263244673,0.6791656073675537,0.013827013118865195,0.9861729868811341
30,15.050167224080267,0.95,0.9285714285714286,0.5151515151515152,0.22222222222222224,0.27531721355070954,0.7246827864492911,0.013322019968781967,0.9866779800312173
31,15.551839464882944,0.95,0.9285714285714286,0.5151515151515152,0.22222222222222224,0.24076203084548362,0.759237969154517,0.01294225372371572,0.9870577462762835
32,16.05351170568562,0.95,0.9285714285714286,0.5151515151515152,0.22222222222222224,0.21536037063840927,0.7846396293615914,0.012653553994039522,0.9873464460059596
33,16.555183946488295,0.95,0.9285714285714286,0.5151515151515152,0.22222222222222224,0.19712604773240575,0.802873952267595,0.012430019814997242,0.9875699801850019
34,17.05685618729097,0.95,0.9285714285714286,0.5151515151515152,0.22222222222222224,0.18425844423870172,0.8157415557612988,0.012252518971985442,0.9877474810280136
35,17.558528428093645,0.95,0.9285714285714286,0.5151515151515152,0.22222222222222224,0.17528661581423435,0.8247133841857661,0.01210722125678211,0.9878927787432167
36,18.06020066889632,0.95,0.9285714285714286,0.5151515151515152,0.22222222222222224,0.16908288371496347,0.8309171162850371,0.011984303289180919,0.9880156967108177
37,18.561872909698998,0.95,0.9285714285714286,0.5151515151515152,0.22222222222222224,0.16481724852793952,0.835182751472061,0.011876884211307894,0.9881231157886905
38,19.06354515050167,0.95,0.9285714285714286,0.5151515151515152,0.22222222222222224,0.1618949639876881,0.8381050360123122,0.011780195510390938,0.9882198044896072
39,19.565217391304348,0.95,0.9285714285714286,0.5151515151515152,0.22222222222222224,0.15989739208392195,0.8401026079160784,0.011690958681175997,0.988309041318822
40,20.066889632107024,0.95,0.9285714285714286,0.5151515151515152,0.22222222222222224,0.1585333758802554,0.841466624119745,0.011606932470266652,0.9883930675297311
41,20.568561872909697,0.95,0.9285714285714286,0.5151515151515152,0.22222222222222224,0.15760204247210574,0.8423979575278947,0.011526590700832862,0.9884734092991646
42,21.070234113712374,0.95,0.9285714285714286,0.5151515151515152,0.22222222222222224,0.1569655647699736,0.8430344352300269,0.0114488968459753,0.9885511031540218
43,21.57190635451505,0.95,0.9285714285714286,0.5151515151515152,0.22222222222222224,0.15652972625237374,0.8434702737476266,0.01137314803093173,0.9886268519690651
44,22.073578595317727,0.95,0.9285714285714286,0.5151515151515152,0.22222222222222224,0.1562302801205702,0.8437697198794303,0.011298867914131752,0.9887011320858645
45,22.5752508361204,0.95,0.9285714285714286,0.5151515151515152,0.22222222222222224,0.1560234952285009,0.8439765047714995,0.0112257336648184,0.9887742663351774
46,23.076923076923077,0.95,0.9285714285714286,0.5151515151515152,0.22222222222222224,0.15587963728129442,0.8441203627187059,0.011153526259142276,0.988846473740853
47,23.578595317725753,0.95,0.9285714285714286,0.5151515151515152,0.22222222222222224,0.15577850674631807,0.8442214932536823,0.011082096826812523,0.9889179031731821
48,24.080267558528426,0.95,0.9285714285714286,0.5151515151515152,0.22222222222222224,0.1557063884107293,0.8442936115892711,0.0110113438569248,0.988988656143069
49,24.581939799331103,0.95,0.9285714285714286,0.5151515151515152,0.22222222222222224,0.15565397357833868,0.8443460264216617,0.010941197801257902,0.989058802198735
50,25.08361204013378,0.95,0.9285714285714286,0.5151515151515152,0.22222222222222224,0.15561494761952585,0.8443850523804746,0.01087161069063956,0.9891283893093524
51,25.585284280936456,0.95,0.9285714285714286,0.5151515151515152,0.22222222222222224,0.15558502192854787,0.8444149780714526,0.010802549066073194,0.9891974509339176
52,26.08695652173913,0.95,0.9285714285714286,0.5151515151515152,0.22222222222222224,0.15556129207136182,0.8444387079286386,0.010733989326318251,0.9892660106736713
53,26.588628762541806,0.95,0.9285714285714286,0.5151515151515152,0.22222222222222224,0.15554178682375705,0.8444582131762435,0.01066591448309837,0.9893340855168897
54,27.090301003344482,0.95,0.9285714285714286,0.5151515151515152,0.22222222222222224,0.15552516849107048,0.84447483150893,0.01059831201668051,0.989401687983306
55,27.59197324414716,0.95,0.9285714285714286,0.5151515151515152,0.22222222222222224,0.15551053024143024,0.8444894697585702,0.010531172435303032,0.9894688275646816
56,28.093645484949832,0.95,0.9285714285714286,0.5151515151515152,0.22222222222222224,0.15549725766843275,0.8445027423315676,0.010464488298307408,0.9895355117016751
57,28.59531772575251,0.95,0.9285714285714286,0.5151515151515152,0.22222222222222224,0.1554849328471692,0.8445150671528312,0.010398253543418631,0.9896017464565614
58,29.096989966555185,0.95,0.9285714285714286,0.5151515151515152,0.22222222222222224,0.15547327374087214,0.8445267262591282,0.010332463063568898,0.9896675369364084
59,29.598662207357858,0.95,0.9285714285714286,0.5151515151515152,0.22222222222222224,0.15546208770782902,0.8445379122921713,0.01026711238524663,0.9897328876147274
60,30.100334448160535,0.95,0.9285714285714286,0.5151515151515152,0.22222222222222224,0.15545124306968292,0.8445487569303174,0.010202197472213317,0.9897978025277572
61,30.60200668896321,0.95,0.9285714285714286,0.5151515151515152,0.22222222222222224,0.15544065366177662,0.8445593463382238,0.01013771461978327,0.9898622853801831
62,31.103678929765888,0.95,0.9285714285714286,0.5151515151515152,0.22222222222222224,0.15543025905832789,0.8445697409416726,0.01007366032057405,0.9899263396793875
63,31.60535117056856,0.95,0.9285714285714286,0.5151515151515152,0.22222222222222224,0.15542001695130425,0.8445799830486962,0.010010031212956948,0.9899899687869992
64,32.10702341137124,0.95,0.9285714285714286,0.5151515151515152,0.22222222222222224,0.15540989980222183,0.8445901001977787,0.009946824058689527,0.9900531759412603
65,32.608695652173914,0.95,0.9285714285714286,0.5151515151515152,0.22222222222222224,0.1553998889116877,0.8446001110883128,0.009884035702702187,0.9901159642972406
66,33.11036789297659,0.95,0.9285714285714286,0.5151515151515152,0.22222222222222224,0.15538997103271596,0.8446100289672845,0.009821663047445054,0.9901783369524897
67,33.61204013377927,0.95,0.9285714285714286,0.5151515151515152,0.22222222222222224,0.1553801362568582,0.8446198637431424,0.009759703042812366,0.9902402969571131
68,34.11371237458194,0.95,0.9285714285714286,0.5151515151515152,0.22222222222222224,0.15537037756440894,0.8446296224355916,0.0096981515253653,0.9903018484745496
69,34.61538461538461,0.95,0.9285714285714286,0.5151515151515152,0.22222222222222224,0.15536069510102163,0.844639304898979,0.009637009013307838,0.9903629909865952
70,35.11705685618729,0.95,0.9285714285714286,0.5151515151515152,0.22222222222222224,0.15535108151689864,0.8446489184831019,0.009576268794857776,0.9904237312050316
71,35.618729096989966,0.95,0.9285714285714286,0.5151515151515152,0.22222222222222224,0.15534153601028305,0.8446584639897174,0.009515929265751386,0.9904840707341224
72,36.12040133779264,0.95,0.9285714285714286,0.5151515151515152,0.22222222222222224,0.1553320568230895,0.844667943176911,0.009455987538199241,0.9905440124616567
73,36.62207357859532,0.95,0.9285714285714286,0.5151515151515152,0.22222222222222224,0.15532264264170512,0.8446773573582954,0.009396441157659563,0.9906035588421759
74,37.123745819397996,0.95,0.9285714285714286,0.5151515151515152,0.22222222222222224,0.15531329215588335,0.8446867078441171,0.00933728701552274,0.9906627129842894
75,37.625418060200666,0.95,0.9285714285714286,0.5151515151515152,0.22222222222222224,0.15530400440562245,0.8446959955943781,0.00927852104102067,0.9907214789587647
76,38.12709030100334,0.95,0.9285714285714286,0.5151515151515152,0.22222222222222224,0.15529477900940641,0.8447052209905941,0.009220141554068164,0.9907798584456866
77,38.62876254180602,0.95,0.9285714285714286,0.5151515151515152,0.22222222222222224,0.15528561567915566,0.8447143843208449,0.00916214729333741,0.9908378527063827
78,39.130434782608695,0.95,0.9285714285714286,0.5151515151515152,0.22222222222222224,0.15527651318904442,0.8447234868109561,0.009104532891673144,0.9908954671080069
79,39.63210702341137,0.95,0.9285714285714286,0.5151515151515152,0.22222222222222224,0.15526747140050662,0.8447325285994939,0.009047297742377884,0.9909527022572567
80,40.13377926421405,0.95,0.9285714285714286,0.5151515151515152,0.22222222222222224,0.15525849012095955,0.844741509879041,0.00899044085801356,0.9910095591415699
81,40.635451505016725,0.95,0.9285714285714286,0.5151515151515152,0.22222222222222224,0.15524956734183565,0.8447504326581649,0.008933951939963368,0.9910660480595598
82,41.137123745819395,0.95,0.9285714285714286,0.5151515151515152,0.22222222222222224,0.15524070423268402,0.8447592957673165,0.008877836988498092,0.9911221630109576
83,41.63879598662207,0.95,0.9285714285714286,0.5151515151515152,0.22222222222222224,0.15523190001256898,0.8447680999874314,0.008822092061289337,0.991177907938089
84,42.14046822742475,0.95,0.9285714285714286,0.5151515151515152,0.22222222222222224,0.15522315399817257,0.8447768460018278,0.008766713693205678,0.9912332863060838
85,42.642140468227424,0.95,0.9285714285714286,0.5151515151515152,0.22222222222222224,0.15521446557902563,0.8447855344209748,0.008711698775231681,0.9912883012239556
86,43.1438127090301,0.95,0.9285714285714286,0.5151515151515152,0.22222222222222224,0.15520583414465894,0.8447941658553415,0.008657044198351919,0.9913429558007187
87,43.64548494983278,0.95,0.9285714285714286,0.5151515151515152,0.22222222222222224,0.1551972590846033,0.8448027409153971,0.008602746853550957,0.9913972531453871
88,44.147157190635454,0.95,0.9285714285714286,0.5151515151515152,0.22222222222222224,0.15518873978838948,0.8448112602116109,0.008548803631813364,0.9914511963669745
89,44.64882943143812,0.95,0.9285714285714286,0.5151515151515152,0.22222222222222224,0.1551802756489651,0.8448197243510354,0.008495211425765153,0.9915047885728537
90,45.1505016722408,0.95,0.9285714285714286,0.5151515151515152,0.22222222222222224,0.15517186822977078,0.8448281317702296,0.008441968170757026,0.9915580318276699
91,45.65217391304348,0.95,0.9285714285714286,0.5151515151515152,0.22222222222222224,0.15516352078579168,0.8448364792142087,0.008389072660125164,0.9916109273380805
92,46.15384615384615,0.95,0.9285714285714286,0.5151515151515152,0.22222222222222224,0.15515523101015585,0.8448447689898445,0.008336522511616158,0.9916634774863355
93,46.65551839464883,0.95,0.9285714285714286,0.5151515151515152,0.22222222222222224,0.1551469952879229,0.8448530047120776,0.008284315117224758,0.9917156848804373
94,47.15719063545151,0.95,0.9285714285714286,0.5151515151515152,0.22222222222222224,0.15513881207616342,0.844861187923837,0.008232448072047708,0.9917675519252835
95,47.65886287625418,0.95,0.9285714285714286,0.5151515151515152,0.22222222222222224,0.15513068057251186,0.8448693194274886,0.00818091829098321,0.9918190817059689
96,48.16053511705685,0.95,0.9285714285714286,0.5151515151515152,0.22222222222222224,0.1551226014915513,0.8448773985084491,0.00812972548980527,0.9918702745067178
97,48.66220735785953,0.95,0.9285714285714286,0.5151515151515152,0.22222222222222224,0.15511457621338873,0.8448854237866117,0.008078864911686896,0.9919211350843433
98,49.163879598662206,0.95,0.9285714285714286,0.5151515151515152,0.22222222222222224,0.15510660427064188,0.8448933957293585,0.008028335259446089,0.9919716647360214
99,49.66555183946488,0.95,0.9285714285714286,0.5151515151515152,0.22222222222222224,0.15509868467850016,0.8449013153215001,0.007978134051672118,0.9920218659431518
100,50.16722408026756,0.95,0.9285714285714286,0.5151515151515152,0.22222222222222224,0.15509081692873605,0.8449091830712644,0.007928259399153818,0.9920717405949364
101,50.668896321070235,0.95,0.9285714285714286,0.5151515151515152,0.22222222222222224,0.15508300058695987,0.8449169994130405,0.007878708803408243,0.992121291189844
102,51.17056856187291,0.95,0.9285714285714286,0.5151515151515152,0.22222222222222224,0.1550752354796326,0.8449247645203678,0.007829480876765642,0.992170519115531
103,51.67224080267559,0.95,0.9285714285714286,0.5151515151515152,0.22222222222222224,0.15506752116456307,0.8449324788354373,0.007780572820361853,0.9922194271708421
104,52.17391304347826,0.95,0.9285714285714286,0.5151515151515152,0.22222222222222224,0.15505985721071225,0.8449401427892882,0.007731981977500607,0.9922680180124559
105,52.675585284280935,0.95,0.9285714285714286,0.5151515151515152,0.22222222222222224,0.15505224319120195,0.8449477568087984,0.007683705707877264,0.9923162942806593
106,53.17725752508361,0.95,0.9285714285714286,0.5151515151515152,0.22222222222222224,0.1550446788708847,0.8449553211291158,0.007635742126494612,0.9923642578604167
107,53.67892976588629,0.95,0.9285714285714286,0.5151515151515152,0.22222222222222224,0.15503716401323683,0.8449628359867636,0.00758808934293459,0.9924119106421134
108,54.180602006688964,0.95,0.9285714285714286,0.5151515151515152,0.22222222222222224,0.1550296983078008,0.8449703016921996,0.007540745175522139,0.9924592548073977
109,54.68227424749164,0.95,0.9285714285714286,0.5151515151515152,0.22222222222222224,0.1550222814441191,0.8449777185558813,0.0074937074425822005,0.9925062925379177
110,55.18394648829432,0.95,0.9285714285714286,0.5151515151515152,0.22222222222222224,0.15501491312274515,0.8449850868772552,0.007446974045115013,0.9925530259326226
111,55.68561872909699,0.95,0.9285714285714286,0.5151515151515152,0.22222222222222224,0.1550075930506574,0.844992406949343,0.007400542932360237,0.9925994570422088
112,56.187290969899664,0.95,0.9285714285714286,0.5151515151515152,0.22222222222222224,0.1550003209266173,0.844999679073383,0.007354411991863138,0.9926455879790843
113,56.68896321070234,0.95,0.9285714285714286,0.5151515151515152,0.22222222222222224,0.15499309644938591,0.8450069035506145,0.007308579111165142,0.9926914208556613
114,57.19063545150502,0.95,0.9285714285714286,0.5151515151515152,0.22222222222222224,0.15498591693164987,0.8450140830683505,0.007263029063833421,0.9927369708977747
115,57.69230769230769,0.95,0.9285714285714286,0.5151515151515152,0.22222222222222224,0.15497878814085508,0.8450212118591452,0.007217794776489768,0.9927822051800732
116,58.19397993311037,0.95,0.9285714285714286,0.5151515151515152,0.22222222222222224,0.15497170498613091,0.8450282950138694,0.007172847602952916,0.9928271523475956
117,58.69565217391305,0.95,0.9285714285714286,0.5151515151515152,0.22222222222222224,0.15496466746747742,0.8450353325325229,0.007128187543222868,0.9928718124003417
118,59.197324414715716,0.95,0.9285714285714286,0.5151515151515152,0.22222222222222224,0.15495767530337193,0.8450423246966284,0.007083814347917419,0.9929161855876565
119,59.69899665551839,0.95,0.9285714285714286,0.5151515151515152,0.22222222222222224,0.15495072743573826,0.8450492725642621,0.007039726998860183,0.9929602729275668
120,60.20066889632107,0.95,0.9285714285714286,0.5151515151515152,0.22222222222222224,0.15494382430941211,0.8450561756905882,0.00699592356468628,0.9930040763512766
121,60.702341137123746,0.95,0.9285714285714286,0.5151515151515152,0.22222222222222224,0.15493696612406008,0.8450630338759403,0.006952402305033186,0.9930475975989869
122,61.20401337792642,0.95,0.9285714285714286,0.5151515151515152,0.22222222222222224,0.15493015272071436,0.845069847279286,0.006909161201107984,0.9930908386892736
123,61.7056856187291,0.95,0.9285714285714286,0.5151515151515152,0.22222222222222224,0.15492338362015087,0.8450766163798495,0.006866198040167088,0.993133801834596
124,62.207357859531776,0.95,0.9285714285714286,0.5151515151515152,0.22222222222222224,0.15491665853155895,0.8450833414684413,0.006823511398720652,0.9931764884582308
125,62.709030100334445,0.95,0.9285714285714286,0.5151515151515152,0.22222222222222224,0.15490997721825248,0.8450900227817478,0.00678110023184186,0.993218899604981
126,63.21070234113712,0.95,0.9285714285714286,0.5151515151515152,0.22222222222222224,0.15490333882175925,0.8450966611782411,0.006738959352438484,0.9932610404608896
127,63.7123745819398,0.95,0.9285714285714286,0.5151515151515152,0.22222222222222224,0.15489674364763079,0.8451032563523696,0.006697090611826649,0.9933029091749518
128,64.21404682274247,0.95,0.9285714285714286,0.5151515151515152,0.22222222222222224,0.15489019129147083,0.8451098087085296,0.0066554915552831375,0.9933445082009217
129,64.71571906354515,0.95,0.9285714285714286,0.5151515151515152,0.22222222222222224,0.15488368140106917,0.8451163185989312,0.006614160046448361,0.9933858396745112
130,65.21739130434783,0.95,0.9285714285714286,0.5151515151515152,0.22222222222222224,0.15487721363813803,0.8451227863618623,0.006573094033897052,0.9934269056465834
131,65.7190635451505,0.95,0.9285714285714286,0.5151515151515152,0.22222222222222224,0.1548707876643896,0.8451292123356108,0.006532291466203946,0.9934677081680015
132,66.22073578595318,0.95,0.9285714285714286,0.5151515151515152,0.22222222222222224,0.15486440314153618,0.8451355968584642,0.006491750291943777,0.9935082492896283
133,66.72240802675586,0.95,0.9285714285714286,0.5151515151515152,0.22222222222222224,0.1548580597312899,0.8451419402687105,0.006451468459691277,0.9935485310623272
134,67.22408026755853,0.95,0.9285714285714286,0.5151515151515152,0.22222222222222224,0.15485175709721452,0.8451482429027859,0.006411443932758357,0.9935885555221873
135,67.72575250836121,0.95,0.9285714285714286,0.5151515151515152,0.22222222222222224,0.15484549499959518,0.8451545050004051,0.00637167544433071,0.99362832393351
136,68.22742474916387,0.95,0.9285714285714286,0.5151515151515152,0.22222222222222224,0.15483927318356258,0.8451607268164377,0.006332161606968423,0.993667837681522
137,68.72909698996655,0.95,0.9285714285714286,0.5151515151515152,0.22222222222222224,0.15483309134895962,0.8451669086510407,0.006292900672755068,0.993707098512823
138,69.23076923076923,0.95,0.9285714285714286,0.5151515151515152,0.22222222222222224,0.1548269491956292,0.8451730508043711,0.006253890893774218,0.9937461081740127
139,69.7324414715719,0.95,0.9285714285714286,0.5151515151515152,0.22222222222222224,0.1548208464234143,0.845179153576586,0.006215130522109445,0.9937848684116904
140,70.23411371237458,0.95,0.9285714285714286,0.5151515151515152,0.22222222222222224,0.1548147827321578,0.8451852172678426,0.006176617809844323,0.993823380972456
141,70.73578595317726,0.95,0.9285714285714286,0.5151515151515152,0.22222222222222224,0.15480875782170261,0.8451912421782978,0.006138351009062424,0.9938616476029091
142,71.23745819397993,0.95,0.9285714285714286,0.5151515151515152,0.22222222222222224,0.15480277189022384,0.8451972281097765,0.00610032844956456,0.993899669969901
143,71.73913043478261,0.95,0.9285714285714286,0.5151515151515152,0.22222222222222224,0.1547968261907731,0.8452031738092273,0.006062548625683761,0.9939374495714518
144,72.24080267558529,0.95,0.9285714285714286,0.5151515151515152,0.22222222222222224,0.1547909202077317,0.8452090797922687,0.006025009927432095,0.9939749880132678
145,72.74247491638796,0.95,0.9285714285714286,0.5151515151515152,0.22222222222222224,0.1547850520144031,0.8452149479855974,0.005987710695898621,0.9940122869518759
146,73.24414715719064,0.95,0.9285714285714286,0.5151515151515152,0.22222222222222224,0.15477922076313566,0.8452207792368648,0.005950649315392542,0.9940493479979599
147,73.74581939799332,0.95,0.9285714285714286,0.5151515151515152,0.22222222222222224,0.15477342601606758,0.8452265739839329,0.005913823328949474,0.994086173598902
148,74.24749163879599,0.95,0.9285714285714286,0.5151515151515152,0.22222222222222224,0.15476766766257347,0.845232332337427,0.0058772336787757205,0.9941227628165255
149,74.74916387959867,0.95,0.9285714285714286,0.5151515151515152,0.22222222222222224,0.15476194654143166,0.8452380534585687,0.005840876194614303,0.9941591198021121
150,75.25083612040133,0.95,0.9285714285714286,0.5151515151515152,0.22222222222222224,0.15475626238003187,0.8452437376199685,0.0058047500222862865,0.9941952454037288
151,75.75250836120401,0.95,0.9285714285714286,0.5151515151515152,0.22222222222222224,0.1547506147355611,0.8452493852644394,0.005768853781653,0.994231140991924
152,76.25418060200668,0.95,0.9285714285714286,0.5151515151515152,0.22222222222222224,0.154745003244911,0.8452549967550894,0.005733186249566537,0.9942668077810581
153,76.75585284280936,0.95,0.9285714285714286,0.5151515151515152,0.22222222222222224,0.15473942753468758,0.8452605724653129,0.005697745190023963,0.9943022479879369
154,77.25752508361204,0.95,0.9285714285714286,0.5151515151515152,0.22222222222222224,0.15473388756199646,0.845266112438004,0.005662530256511657,0.9943374619498243
155,77.75919732441471,0.95,0.9285714285714286,0.5151515151515152,0.22222222222222224,0.15472838302222663,0.8452716169777739,0.00562753952681192,0.994372451565568
156,78.26086956521739,0.95,0.9285714285714286,0.5151515151515152,0.22222222222222224,0.15472291363365262,0.8452770863663479,0.005592771262344286,0.9944072185552159
157,78.76254180602007,0.95,0.9285714285714286,0.5151515151515152,0.22222222222222224,0.1547174791145489,0.8452825208854515,0.005558223724528289,0.9944417646388156
158,79.26421404682274,0.95,0.9285714285714286,0.5151515151515152,0.22222222222222224,0.15471207918334356,0.8452879208166569,0.005523895175498059,0.9944760915356652
159,79.76588628762542,0.95,0.9285714285714286,0.5151515151515152,0.22222222222222224,0.1547067136514735,0.845293286348527,0.0054897843101246405,0.9945102005107069
160,80.2675585284281,0.95,0.9285714285714286,0.5151515151515152,0.22222222222222224,0.15470138235686962,0.8452986176431309,0.005455889946546085,0.9945440926994584
161,80.76923076923077,0.95,0.9285714285714286,0.5151515151515152,0.22222222222222224,0.15469608507738888,0.8453039149226116,0.005422210623398286,0.9945777695309025
162,81.27090301003345,0.95,0.9285714285714286,0.5151515151515152,0.22222222222222224,0.15469082159088834,0.8453091784091121,0.005388744879317138,0.9946112324340216
163,81.77257525083613,0.95,0.9285714285714286,0.5151515151515152,0.22222222222222224,0.15468559167522508,0.8453144083247754,0.005355491252938535,0.9946444828377987
164,82.27424749163879,0.95,0.9285714285714286,0.5151515151515152,0.22222222222222224,0.15468039513985815,0.8453196048601423,0.00532244835599129,0.994677522055118
165,82.77591973244147,0.95,0.9285714285714286,0.5151515151515152,0.22222222222222224,0.15467523181096787,0.8453247681890326,0.0052896148388790415,0.9947103513374339
166,83.27759197324414,0.95,0.9285714285714286,0.5151515151515152,0.22222222222222224,0.15467010148915264,0.8453298985108478,0.0052569892928365615,0.9947429720301827
167,83.77926421404682,0.95,0.9285714285714286,0.5151515151515152,0.22222222222222224,0.1546650039750054,0.8453349960249951,0.005224570309086021,0.9947753854788209
168,84.2809364548495,0.95,0.9285714285714286,0.5151515151515152,0.22222222222222224,0.15465993906911912,0.8453400609308813,0.005192356478849592,0.9948075930288048
169,84.78260869565217,0.95,0.9285714285714286,0.5151515151515152,0.22222222222222224,0.1546549042291497,0.8453450957708508,0.005160330490588113,0.9948396103884308
170,85.28428093645485,0.95,0.9285714285714286,0.5151515151515152,0.22222222222222224,0.15464990526455233,0.8453500947354482,0.0051285319893778925,0.9948714014697554
171,85.78595317725753,0.95,0.9285714285714286,0.5151515151515152,0.22222222222222224,0.1546449376859188,0.8453550623140818,0.005096930386373841,0.9949029940540479
172,86.2876254180602,0.95,0.9285714285714286,0.5151515151515152,0.22222222222222224,0.1546400014932491,0.8453599985067514,0.005065525681575961,0.9949343881413084
173,86.78929765886288,0.95,0.9285714285714286,0.5151515151515152,0.22222222222222224,0.1546350966865433,0.8453649033134573,0.005034317874984251,0.994965583731537
174,87.29096989966555,0.95,0.9285714285714286,0.5151515151515152,0.22222222222222224,0.1546302228796903,0.8453697771203103,0.005003306600090028,0.9949965810268058
175,87.79264214046823,0.95,0.9285714285714286,0.5151515151515152,0.22222222222222224,0.15462537944723906,0.8453746205527615,0.004972491192760286,0.9950273804097324
176,88.29431438127091,0.95,0.9285714285714286,0.5151515151515152,0.22222222222222224,0.15462056644533748,0.845379433554663,0.004941870203839503,0.9950579830302287
177,88.79598662207358,0.95,0.9285714285714286,0.5151515151515152,0.22222222222222224,0.15461578388472696,0.8453842161152736,0.004911442629365533,0.9950883896520029
178,89.29765886287625,0.95,0.9285714285714286,0.5151515151515152,0.22222222222222224,0.1546110317101534,0.8453889682898471,0.004881206959455882,0.9951186013526182
179,89.79933110367892,0.95,0.9285714285714286,0.5151515151515152,0.22222222222222224,0.1546063097335395,0.8453936902664609,0.004851161978520114,0.995148618919038
180,90.3010033444816,0.95,0.9285714285714286,0.5151515151515152,0.22222222222222224,0.15460161776142892,0.8453983822385714,0.00482130655655144,0.9951784430594219
181,90.80267558528428,0.95,0.9285714285714286,0.5151515151515152,0.22222222222222224,0.1545969555167706,0.8454030444832298,0.00479163918029257,0.9952080746001809
182,91.30434782608695,0.95,0.9285714285714286,0.5151515151515152,0.22222222222222224,0.15459232286141497,0.8454076771385853,0.004762159049143268,0.9952375139301013
183,91.80602006688963,0.95,0.9285714285714286,0.5151515151515152,0.22222222222222224,0.15458771949386108,0.8454122805061393,0.004732864308720708,0.9952667618390598
184,92.3076923076923,0.95,0.9285714285714286,0.5151515151515152,0.22222222222222224,0.1545831453834223,0.8454168546165781,0.004703754766772446,0.995295817853899
185,92.80936454849498,0.95,0.9285714285714286,0.5151515151515152,0.22222222222222224,0.15457860028029935,0.8454213997197011,0.004674828883365929,0.9953246820713024
186,93.31103678929766,0.95,0.9285714285714286,0.5151515151515152,0.22222222222222224,0.1545740839614513,0.8454259160385491,0.004646085285106819,0.9953533548266275
187,93.81270903010034,0.95,0.9285714285714286,0.5151515151515152,0.22222222222222224,0.15456959620383728,0.8454304037961631,0.004617522598600774,0.9953818364552318
188,94.31438127090301,0.95,0.9285714285714286,0.5151515151515152,0.22222222222222224,0.15456513678441644,0.8454348632155839,0.004589139450453457,0.9954101272924729
189,94.81605351170569,0.95,0.9285714285714286,0.5151515151515152,0.22222222222222224,0.15456070548014783,0.8454392945198526,0.00456093446727053,0.9954382276737083
190,95.31772575250837,0.95,0.9285714285714286,0.5151515151515152,0.22222222222222224,0.15455630207706872,0.8454436979229317,0.004532906339298254,0.9954661374879227
191,95.81939799331104,0.95,0.9285714285714286,0.5151515151515152,0.22222222222222224,0.1545519264363686,0.8454480735636318,0.004505054283623295,0.9954938529288617
192,96.3210702341137,0.95,0.9285714285714286,0.5151515151515152,0.22222222222222224,0.15454757837865868,0.8454524216213417,0.004477377232866842,0.9955213721855014
193,96.82274247491638,0.95,0.9285714285714286,0.5151515151515152,0.22222222222222224,0.15454325770964794,0.8454567422903525,0.004449874015179508,0.9955486941795705
194,97.32441471571906,0.95,0.9285714285714286,0.5151515151515152,0.22222222222222224,0.1545389642350452,0.8454610357649552,0.0044225434587119045,0.9955758178327976
195,97.82608695652173,0.95,0.9285714285714286,0.5151515151515152,0.22222222222222224,0.15453469776055945,0.8454653022394409,0.004395384391614643,0.9956027420669115
196,98.32775919732441,0.95,0.9285714285714286,0.5151515151515152,0.22222222222222224,0.15453045809189947,0.845469541908101,0.004368395642038335,0.9956294658036409
197,98.82943143812709,0.95,0.9285714285714286,0.5151515151515152,0.22222222222222224,0.15452624499966994,0.8454737550003304,0.004341575500663036,0.9956559829552768
198,99.33110367892976,0.95,0.9285714285714286,0.5151515151515152,0.22222222222222224,0.15452205830303622,0.8454779416969641,0.004314922081192056,0.9956822807587801
199,99.83277591973244,0.95,0.9285714285714286,0.5151515151515152,0.22222222222222224,0.1545178979960879,0.8454821020039125,0.004288435311876463,0.995708358647765
200,100.33444816053512,0.95,0.9285714285714286,0.5151515151515152,0.22222222222222224,0.1545137640788249,0.8454862359211754,0.004262115192716257,0.9957342166222312
201,100.8361204013378,0.95,0.9285714285714286,0.5151515151515152,0.22222222222222224,0.15450965650327766,0.8454903434967227,0.004235960942953951,0.9957598491540313
202,101.33779264214047,0.95,0.9285714285714286,0.5151515151515152,0.22222222222222224,0.15450557509455146,0.8454944249054489,0.004209969715985717,0.9957852360878078
203,101.83946488294315,0.95,0.9285714285714286,0.5151515151515152,0.22222222222222224,0.15450151983662178,0.8454984801633786,0.004184141250996192,0.9958103755768594
204,102.34113712374582,0.95,0.9285714285714286,0.5151515151515152,0.22222222222222224,0.15449749047588368,0.8455025095241167,0.004158474602628973,0.9958352569757506
205,102.8428093645485,0.95,0.9285714285714286,0.5151515151515152,0.22222222222222224,0.15449348644087732,0.845506513559123,0.004132967640668498,0.9958598562966263
206,103.34448160535118,0.95,0.9285714285714286,0.5151515151515152,0.22222222222222224,0.15448950770997666,0.8455104922900237,0.004107620284499959,0.9958841726317023
207,103.84615384615384,0.95,0.9285714285714286,0.5151515151515152,0.22222222222222224,0.15448555387587184,0.8455144461241285,0.004082431362466415,0.9959081862951495
208,104.34782608695652,0.95,0.9285714285714286,0.5151515151515152,0.22222222222222224,0.15448162437484317,0.8455183756251572,0.004057399252986122,0.9959318700416374
209,104.84949832775919,0.95,0.9285714285714286,0.5151515151515152,0.22222222222222224,0.1544777191579778,0.8455222808420225,0.004032523341073262,0.9959552097320681
210,105.35117056856187,0.95,0.9285714285714286,0.5151515151515152,0.22222222222222224,0.154473838094872,0.8455261619051283,0.004007801887172462,0.9959781651888804
211,105.85284280936455,0.95,0.9285714285714286,0.5151515151515152,0.22222222222222224,0.1544699811750525,0.8455300188249478,0.003983234511660973,0.9960007255832242
212,106.35451505016722,0.95,0.9285714285714286,0.5151515151515152,0.22222222222222224,0.15446614838405537,0.845533851615945,0.003958819523193815,0.9960228389793291
213,106.8561872909699,0.95,0.9285714285714286,0.5151515151515152,0.22222222222222224,0.15446233964257253,0.8455376603574278,0.0039345561450508555,0.9960444774791702
214,107.35785953177258,0.95,0.9285714285714286,0.5151515151515152,0.22222222222222224,0.15445855471647055,0.8455414452835299,0.003910442903400093,0.9960655834870281
215,107.85953177257525,0.95,0.9285714285714286,0.5151515151515152,0.22222222222222224,0.15445479346302862,0.8455452065369718,0.0038864790327050106,0.9960861204478167
216,108.36120401337793,0.95,0.9285714285714286,0.5151515151515152,0.22222222222222224,0.154451055550599,0.8455489444494015,0.0038626627930556994,0.996106002917548
217,108.8628762541806,0.95,0.9285714285714286,0.5151515151515152,0.22222222222222224,0.1544473409641983,0.8455526590358022,0.003838993964639376,0.9961252093990874
218,109.36454849498328,0.95,0.9285714285714286,0.5151515151515152,0.22222222222222224,0.15444364939541422,0.8455563506045863,0.0038154707058973307,0.9961436325132146
219,109.86622073578596,0.95,0.9285714285714286,0.5151515151515152,0.22222222222222224,0.15443998060762026,0.8455600193923802,0.0037920915327802726,0.9961611751795695
220,110.36789297658864,0.95,0.9285714285714286,0.5151515151515152,0.22222222222222224,0.15443633447136376,0.8455636655286367,0.003768855355940912,0.9961777344211845
221,110.8695652173913,0.95,0.9285714285714286,0.5151515151515152,0.22222222222222224,0.15443271080846988,0.8455672891915307,0.003745760894139252,0.996193203240627
222,111.37123745819397,0.95,0.9285714285714286,0.5151515151515152,0.22222222222222224,0.1544291094315627,0.8455708905684378,0.003722806757464607,0.9962074349179164
223,111.87290969899665,0.95,0.9285714285714286,0.5151515151515152,0.22222222222222224,0.15442553015310945,0.8455744698468911,0.003699991573657382,0.9962202898003905
224,112.37458193979933,0.95,0.9285714285714286,0.5151515151515152,0.22222222222222224,0.15442197274523042,0.8455780272547702,0.0036773138376211744,0.9962315785735404
225,112.876254180602,0.95,0.9285714285714286,0.5151515151515152,0.22222222222222224,0.15441843697661164,0.8455815630233888,0.003654772032380135,0.9962411074675508
226,113.37792642140468,0.95,0.9285714285714286,0.5151515151515152,0.22222222222222224,0.154414922611411,0.8455850773885895,0.0036323645525388375,0.9962486499314419
227,113.87959866220736,0.95,0.9285714285714286,0.5151515151515152,0.22222222222222224,0.15441142940128402,0.8455885705987164,0.0036100896781841,0.9962539368386519
228,114.38127090301003,0.95,0.9285714285714286,0.5151515151515152,0.22222222222222224,0.1544079571030061,0.8455920428969943,0.0035879455901994687,0.9962566625558985
229,114.88294314381271,0.95,0.9285714285714286,0.5151515151515152,0.22222222222222224,0.15440450547157147,0.845595494528429,0.0035659303886211497,0.9962564916059999
230,115.38461538461539,0.95,0.9285714285714286,0.5151515151515152,0.22222222222222224,0.15440107422990065,0.8455989257700998,0.003544041981317552,0.9962530178511692
231,115.88628762541806,0.95,0.9285714285714286,0.5151515151515152,0.22222222222222224,0.1543976630912497,0.8456023369087508,0.0035222782084405094,0.9962458102257632
232,116.38795986622074,0.95,0.9285714285714286,0.5151515151515152,0.22222222222222224,0.1543942717295857,0.8456057282704147,0.0035006366521769853,0.9962343426379563
233,116.88963210702342,0.95,0.9285714285714286,0.5151515151515152,0.22222222222222224,0.15439089980326845,0.845609100196732,0.003479114740861375,0.9962180321124219
234,117.3913043478261,0.95,0.9285714285714286,0.5151515151515152,0.22222222222222224,0.15438754694990192,0.8456124530500985,0.003457709663397754,0.9961962070115635
235,117.89297658862876,0.95,0.9285714285714286,0.5151515151515152,0.22222222222222224,0.1543842127751211,0.8456157872248793,0.003436418328626117,0.99616809167027
236,118.39464882943143,0.95,0.9285714285714286,0.5151515151515152,0.22222222222222224,0.15438089685709572,0.8456191031429047,0.0034152374139408467,0.9961328241947628
237,118.89632107023411,0.95,0.9285714285714286,0.5151515151515152,0.22222222222222224,0.15437759872814852,0.8456224012718518,0.0033941632242265748,0.9960894035803958
238,119.39799331103679,0.95,0.9285714285714286,0.5151515151515152,0.22222222222222224,0.15437431788335068,0.8456256821166497,0.003373191740069947,0.9960367064244029
239,119.89966555183946,0.95,0.9285714285714286,0.5151515151515152,0.22222222222222224,0.15437105375536003,0.8456289462446404,0.0033523184098696052,0.9959734092200477
240,120.40133779264214,0.95,0.9285714285714286,0.5151515151515152,0.22222222222222224,0.1543678057268387,0.8456321942731617,0.0033315382418634618,0.9958980216245299
241,120.90301003344482,0.95,0.9285714285714286,0.5151515151515152,0.22222222222222224,0.15436457311629423,0.8456354268837061,0.0033108456913155714,0.9958088433310045
242,121.40468227424749,0.95,0.9285714285714286,0.5151515151515152,0.22222222222222224,0.15436135517192187,0.8456386448280784,0.0032902346046138676,0.9957039393820977
243,121.90635451505017,0.95,0.9285714285714286,0.5151515151515152,0.22222222222222224,0.15435815105769335,0.845641848942307,0.0032696981154351104,0.9955811010912264
244,122.40802675585284,0.95,0.9285714285714286,0.5151515151515152,0.22222222222222224,0.15435495984254577,0.8456450401574546,0.003249228556957323,0.9954378107073842
245,122.90969899665552,0.95,0.9285714285714286,0.5151515151515152,0.22222222222222224,0.15435178048435214,0.8456482195156482,0.00322881731013175,0.995271178853502
246,123.4113712374582,0.95,0.9285714285714286,0.5151515151515152,0.22222222222222224,0.15434861183052426,0.845651388169476,0.003208454813116924,0.9950779483231379
247,123.91304347826087,0.95,0.9285714285714286,0.5151515151515152,0.22222222222222224,0.15434545258382734,0.845654547416173,0.003188130265841826,0.9948543725616865
248,124.41471571906355,0.95,0.9285714285714286,0.5151515151515152,0.22222222222222224,0.15434230130028834,0.845657698699712,0.003167831617286028,0.9945962102793345
249,124.91638795986621,0.95,0.9285714285714286,0.5151515151515152,0.22222222222222224,0.1543391563556219,0.8456608436443784,0.0031475453040664403,0.9942986159228249
250,125.41806020066889,0.95,0.9285714285714286,0.5151515151515152,0.22222222222222224,0.1543360159268999,0.8456639840731005,0.003127256083366488,0.9939560706854449
251,125.91973244147157,0.95,0.9285714285714286,0.5151515151515152,0.22222222222222224,0.15433287797506698,0.8456671220249334,0.003106946887401876,0.9935623157195017
252,126.42140468227424,0.95,0.9285714285714286,0.5151515151515152,0.22222222222222224,0.1543297402153532,0.8456702597846473,0.0030865985783633354,0.993110250914149
253,126.92307692307692,0.95,0.9285714285714286,0.5151515151515152,0.22222222222222224,0.15432660008063026,0.8456733999193702,0.003066189642971816,0.992591799251396
254,127.4247491638796,0.95,0.9285714285714286,0.5151515151515152,0.22222222222222224,0.15432345469738998,0.8456765453026106,0.0030456960027243148,0.9919978256530928
255,127.92642140468227,0.95,0.9285714285714286,0.5151515151515152,0.22222222222222224,0.15432030083325587,0.8456796991667447,0.00302509062237508,0.9913179602756855
256,128.42809364548495,0.95,0.9285714285714286,0.5151515151515152,0.22222222222222224,0.15431713487148874,0.8456828651285117,0.0030043432884768904,0.990540501344126
257,128.9297658862876,0.95,0.9285714285714286,0.5151515151515152,0.22222222222222224,0.1543139527562513,0.8456860472437492,0.002983420181337358,0.9896522137766823
258,129.4314381270903,0.95,0.9285714285714286,0.5151515151515152,0.22222222222222224,0.1543107499575515,0.845689250042449,0.0029622836022386912,0.9886382075424115
259,129.93311036789297,0.95,0.9285714285714286,0.5151515151515152,0.22222222222222224,0.15430752140978457,0.8456924785902159,0.002940891506702764,0.9874817089762037
260,130.43478260869566,0.95,0.9285714285714286,0.5151515151515152,0.22222222222222224,0.15430426147035117,0.8456957385296492,0.002919197203219546,0.9861639212377808
261,130.93645484949832,0.95,0.9285714285714286,0.5151515151515152,0.22222222222222224,0.1543009638475027,0.8456990361524978,0.0028971489019807705,0.9846637862385945
262,131.438127090301,0.95,0.9285714285714286,0.5151515151515152,0.22222222222222224,0.15429762155841226,0.8457023784415882,0.002874689390697793,0.9829578279543779
263,131.93979933110367,0.95,0.9285714285714286,0.5151515151515152,0.22222222222222224,0.15429422686470007,0.8457057731353004,0.002851755683177889,0.981019935679065
264,132.44147157190636,0.95,0.9285714285714286,0.5151515151515152,0.22222222222222224,0.15429077122632476,0.8457092287736757,0.002828278717561274,0.9788212042114961
265,132.94314381270902,0.95,0.9285714285714286,0.5151515151515152,0.22222222222222224,0.1542872452587047,0.8457127547412957,0.0028041832432645925,0.97632979260594
266,133.44481605351172,0.95,0.9285714285714286,0.5151515151515152,0.22222222222222224,0.15428363867308456,0.845716361326916,0.0027793874048670495,0.973510727776865
267,133.94648829431438,0.95,0.9285714285714286,0.5151515151515152,0.22222222222222224,0.1542799402593073,0.8457200597406932,0.0027538032897473433,0.9703259807943634
268,134.44816053511707,0.95,0.9285714285714286,0.5151515151515152,0.22222222222222224,0.1542761378695981,0.8457238621304024,0.002727336967812073,0.9667344116331468
269,134.94983277591973,0.95,0.9285714285714286,0.5151515151515152,0.22222222222222224,0.1542722184610088,0.8457277815389918,0.0026998889337572496,0.9626918731363436
270,135.45150501672242,0.95,0.9285714285714286,0.5151515151515152,0.22222222222222224,0.15426816812141356,0.8457318318785868,0.002671355003725832,0.9581514536294092
271,135.95317725752508,0.95,0.9285714285714286,0.5151515151515152,0.22222222222222224,0.15426397213604007,0.8457360278639604,0.002641627697021896,0.9530639336477013
272,136.45484949832775,0.95,0.9285714285714286,0.5151515151515152,0.22222222222222224,0.15425961513177125,0.8457403848682292,0.0026105977351627927,0.9473783051850957
273,136.95652173913044,0.95,0.9285714285714286,0.5151515151515152,0.22222222222222224,0.15425508125721382,0.8457449187427867,0.002578156241850259,0.9410425772075174
274,137.4581939799331,0.95,0.9285714285714286,0.5151515151515152,0.22222222222222224,0.15425035442986357,0.845749645570137,0.0025441974287588307,0.9340048001720509
275,137.9598662207358,0.95,0.9285714285714286,0.5151515151515152,0.22222222222222224,0.15424541864696614,0.8457545813530344,0.002508621759367827,0.9262143138482007
276,138.46153846153845,0.95,0.9285714285714286,0.5151515151515152,0.22222222222222224,0.1542402583690389,0.8457597416309617,0.0024713396435636103,0.9176232478359398
277,138.96321070234114,0.95,0.9285714285714286,0.5151515151515152,0.22222222222222224,0.1542348589901127,0.845765141009888,0.00243227565024505,0.908188281988492
278,139.4648829431438,0.95,0.9285714285714286,0.5151515151515152,0.22222222222222224,0.1542292073449107,0.8457707926550899,0.002391372720022819,0.8978724675552634
279,139.9665551839465,0.95,0.9285714285714286,0.5151515151515152,0.22222222222222224,0.1542232922881925,0.8457767077118081,0.002348596727702506,0.8866472533181404
280,140.46822742474916,0.95,0.9285714285714286,0.5151515151515152,0.22222222222222224,0.1542171053036675,0.8457828946963333,0.0023039407147472752,0.8744944543014135
281,140.96989966555185,0.95,0.9285714285714286,0.5151515151515152,0.22222222222222224,0.15421064110636068,0.84578935889364,0.0022574285521174686,0.8614080676233284
282,141.4715719063545,0.95,0.9285714285714286,0.5151515151515152,0.22222222222222224,0.15420389827003173,0.845796101729969,0.0022091188268028175,0.8473961351602726
283,141.9732441471572,0.95,0.9285714285714286,0.5151515151515152,0.22222222222222224,0.15419687971592258,0.8458031202840781,0.0021591053403962656,0.8324815250024398
284,142.47491638795987,0.95,0.9285714285714286,0.5151515151515152,0.22222222222222224,0.15418959308371707,0.8458104069162836,0.0021075183246538364,0.8167027958413026
285,142.97658862876253,0.95,0.9285714285714286,0.5151515151515152,0.22222222222222224,0.15418205102899227,0.8458179489710084,0.00205452325534886,0.8001141840375832
286,143.47826086956522,0.95,0.9285714285714286,0.5151515151515152,0.22222222222222224,0.15417427127656977,0.845825728723431,0.0020003179172692264,0.7827848612141162
287,143.97993311036788,0.95,0.9285714285714286,0.5151515151515152,0.22222222222222224,0.15416627648272765,0.845833723517273,0.0019451280607877142,0.764797546623948
288,144.48160535117057,0.95,0.9285714285714286,0.5151515151515152,0.22222222222222224,0.1541580938847822,0.8458419061152184,0.0018892014854267653,0.7462464177750687
289,144.98327759197323,0.95,0.9285714285714286,0.5151515151515152,0.22222222222222224,0.15414975473704595,0.8458502452629546,0.0018328012209294546,0.7272345421156684
290,145.48494983277592,0.95,0.9285714285714286,0.5151515151515152,0.22222222222222224,0.15414129355281622,0.8458587064471843,0.001776197875022188,0.7078708613673382
291,145.9866220735786,0.95,0.9285714285714286,0.5151515151515152,0.22222222222222224,0.15413274722653295,0.8458672527734676,0.001719662108731858,0.6882671064935042
292,146.48829431438128,0.95,0.9285714285714286,0.5151515151515152,0.22222222222222224,0.154124154062907,0.8458758459370935,0.001663457306678721,0.6685346846989147
293,146.98996655518394,0.95,0.9285714285714286,0.5151515151515152,0.22222222222222224,0.1541155527806573,0.8458844472193433,0.0016078331089170342,0.6487818245226499
294,147.49163879598663,0.95,0.9285714285714286,0.5151515151515152,0.22222222222222224,0.15410698152579796,0.8458930184742026,0.001553019868200049,0.6291110206351281
295,147.9933110367893,0.95,0.9285714285714286,0.5151515151515152,0.22222222222222224,0.1540984769467936,0.845901523053207,0.0014992243631246473,0.6096169316654952
296,148.49498327759198,0.95,0.9285714285714286,0.5151515151515152,0.22222222222222224,0.15409007347078985,0.8459099265292108,0.0014466272694645464,0.5903849873607891
297,148.99665551839465,0.95,0.9285714285714286,0.5151515151515152,0.22222222222222224,0.15408180263023252,0.8459181973697681,0.0013953814001915427,0.5714902882406478
298,149.49832775919734,0.95,0.9285714285714286,0.5151515151515152,0.22222222222222224,0.15407369260105352,0.8459263073989473,0.0013456114521193253,0.5529971428871702
299,150.0,0.95,0.9285714285714286,0.5151515151515152,0.22222222222222224,0.15406576790682663,0.8459342320931742,0.0012974147531888281,0.5349590397162871
