,time,sigma,beta,S,I,C,D
0,0.0,0.28,0.45,0.9998,0.0002,0.5,0.5
1,0.5016722408026756,0.28,0.45,0.9997745368134409,0.00022546318655892425,0.4791116623623046,0.5208883376376955
2,1.0033444816053512,0.28,0.45,0.9997451073908183,0.0002548926091814303,0.45829640507170033,0.5417035949282998
3,1.5050167224080266,0.28,0.45,0.9997110555252366,0.00028894447476321547,0.43762606672392834,0.5623739332760717
4,2.0066889632107023,0.28,0.45,0.999671614386934,0.00032838561306586977,0.41717046915195033,0.5828295308480497
5,2.508361204013378,0.28,0.45,0.9996258888228712,0.0003741111771285976,0.3969965216145371,0.603003478385463
6,3.0100334448160533,0.28,0.45,0.9995728332264558,0.00042716677354395034,0.3771673695334418,0.6228326304665582
7,3.511705685618729,0.28,0.45,0.9995112282016683,0.0004887717983316101,0.35774169850252785,0.6422583014974722
8,4.013377926421405,0.28,0.45,0.9994396486667847,0.0005603513332151869,0.3387730200610929,0.6612269799389071
9,4.51505016722408,0.28,0.45,0.9993564331774694,0.0006435668225304955,0.3203093044398248,0.6796906955601751
10,5.016722408026756,0.28,0.45,0.9992596436762342,0.00074035632376563,0.3023925782326394,0.6976074217673606
11,5.518394648829432,0.28,0.45,0.9991470200344862,0.0008529799655137244,0.28505872434845586,0.7149412756515441
12,6.020066889632107,0.28,0.45,0.9990159273245317,0.0009840726754681945,0.2683374110351451,0.7316625889648549
13,6.521739130434782,0.28,0.45,0.9988632941053629,0.0011367058946369695,0.25225214640630766,0.7477478535936923
14,7.023411371237458,0.28,0.45,0.9986855462125689,0.0013144537874309815,0.2368203745480811,0.763179625451919
15,7.525083612040134,0.28,0.45,0.9984785163516111,0.0015214836483887775,0.22205385564697402,0.777946144353026
16,8.02675585284281,0.28,0.45,0.9982373540954552,0.001762645904544719,0.20795893755985323,0.7920410624401468
17,8.528428093645484,0.28,0.45,0.9979564165924163,0.0020435834075835596,0.19453686935771347,0.8054631306422866
18,9.03010033444816,0.28,0.45,0.9976291407967446,0.0023708592032552498,0.1817843817799799,0.8182156182200201
19,9.531772575250836,0.28,0.45,0.997247897122248,0.0027521028777517443,0.16969407590971,0.83030592409029
20,10.033444816053512,0.28,0.45,0.9968038222056977,0.0031961777943018666,0.15825492715412692,0.8417450728458731
21,10.535117056856187,0.28,0.45,0.9962866273574937,0.003713372642505913,0.14745278091265202,0.852547219087348
22,11.036789297658864,0.28,0.45,0.9956843786951981,0.004315621304801519,0.13727082401388413,0.8627291759861159
23,11.538461538461538,0.28,0.45,0.9949832475810462,0.005016752418953397,0.127690045201014,0.872309954798986
24,12.040133779264213,0.28,0.45,0.99416722816292,0.005832771837079453,0.1186896707085936,0.8813103292914064
25,12.54180602006689,0.28,0.45,0.993217818372822,0.006782181627177553,0.11024756648511266,0.8897524335148873
26,13.043478260869565,0.28,0.45,0.9921136661926293,0.007886333807370182,0.10234061245529351,0.8976593875447064
27,13.545150501672241,0.28,0.45,0.9908301715119401,0.009169828488059355,0.09494502927577593,0.905054970724224
28,14.046822742474916,0.28,0.45,0.9893390546218588,0.010660945378140635,0.08803667853469452,0.9119633214653055
29,14.548494983277592,0.28,0.45,0.9876078841592985,0.012392115840700978,0.0815913206740795,0.9184086793259205
30,15.050167224080267,0.28,0.45,0.9855995786541363,0.014400421345863161,0.07558484113421107,0.924415158865789
31,15.551839464882944,0.28,0.45,0.9832718801814292,0.01672811981857025,0.06999343871460674,0.9300065612853933
32,16.05351170568562,0.28,0.45,0.980576835213677,0.01942316478632241,0.06479378638275501,0.935206213617245
33,16.555183946488295,0.28,0.45,0.9774602659349377,0.02253973406506168,0.05996315807497677,0.9400368419250232
34,17.05685618729097,0.28,0.45,0.9738613328115792,0.02613866718842017,0.05547953542893631,0.9445204645710638
35,17.558528428093645,0.28,0.45,0.9697121295931104,0.030287870406888982,0.05132168272645275,0.9486783172735472
36,18.06020066889632,0.28,0.45,0.9649375212821872,0.035062478717812116,0.04746921040071054,0.9525307895992895
37,18.561872909698998,0.28,0.45,0.9594551085916736,0.04054489140832581,0.043902609367957424,0.9560973906320427
38,19.06354515050167,0.28,0.45,0.9531755732656964,0.04682442673430305,0.04060327616817725,0.9593967238318228
39,19.565217391304348,0.28,0.45,0.9460034346589762,0.05399656534102325,0.037553522666151265,0.9624464773338488
40,20.066889632107024,0.28,0.45,0.9378383686413774,0.062161631358622016,0.03473657228665669,0.9652634277133433
41,20.568561872909697,0.28,0.45,0.9285772033032206,0.07142279669677871,0.03213654762014052,0.9678634523798594
42,21.070234113712374,0.28,0.45,0.9181167040913868,0.08188329590861253,0.0297384488807323,0.9702615511192676
43,21.57190635451505,0.28,0.45,0.9063573511018072,0.09364264889819214,0.027528126782517048,0.9724718732174829
44,22.073578595317727,0.28,0.45,0.8932079598129608,0.10679204018703853,0.025492248347701488,0.9745077516522984
45,22.5752508361204,0.28,0.45,0.878591358718875,0.12140864128112429,0.023618260950389505,0.9763817390496105
46,23.076923076923077,0.28,0.45,0.8624507947574129,0.1375492052425864,0.021894352524938484,0.9781056474750616
47,23.578595317725753,0.28,0.45,0.8447568480496455,0.15524315195035376,0.020309411294882073,0.979690588705118
48,24.080267558528426,0.28,0.45,0.825514379054774,0.17448562094522524,0.01885298548752967,0.9811470145124703
49,24.581939799331103,0.28,0.45,0.8047688455952268,0.19523115440477226,0.017515244487405438,0.9824847555125945
50,25.08361204013378,0.28,0.45,0.7826112135025575,0.2173887864974418,0.016286942599412657,0.9837130574005872
51,25.585284280936456,0.28,0.45,0.7591807181416995,0.24081928185829976,0.015159386212071036,0.984840613787929
52,26.08695652173913,0.28,0.45,0.7346646304581852,0.265335369541814,0.01412440530765494,0.9858755946923451
53,26.588628762541806,0.28,0.45,0.7092946377731051,0.2907053622268941,0.013174329507426537,0.9868256704925734
54,27.090301003344482,0.28,0.45,0.6833394853962778,0.3166605146037214,0.012301968907624854,0.987698031092375
55,27.59197324414716,0.28,0.45,0.6570944729360796,0.3429055270639195,0.011500598955931552,0.9884994010440684
56,28.093645484949832,0.28,0.45,0.6308683890280562,0.3691316109719429,0.01076394868592761,0.9892360513140724
57,28.59531772575251,0.28,0.45,0.604969128467176,0.39503087153282324,0.010086191155331787,0.9899138088446682
58,29.096989966555185,0.28,0.45,0.5796894448108197,0.4203105551891794,0.009461934640665,0.990538065359335
59,29.598662207357858,0.28,0.45,0.5552940216725988,0.44470597832740044,0.008886213462994182,0.9911137865370058
60,30.100334448160535,0.28,0.45,0.5320094757675455,0.46799052423245363,0.008354476841916154,0.9916455231580839
61,30.60200668896321,0.28,0.45,0.510017334775212,0.48998266522478723,0.007862575527651622,0.9921374244723483
62,31.103678929765888,0.28,0.45,0.48945089853984164,0.5105491014601576,0.007406745260968092,0.9925932547390318
63,31.60535117056856,0.28,0.45,0.47039539708503825,0.529604602914961,0.006983587259746645,0.9930164127402532
64,32.10702341137124,0.28,0.45,0.4528910153561561,0.5471089846438432,0.006590046014630499,0.9934099539853695
65,32.608695652173914,0.28,0.45,0.4369380993057544,0.5630619006942449,0.006223384878517381,0.9937766151214825
66,33.11036789297659,0.28,0.45,0.42250352689319015,0.5774964731068091,0.005881160349447948,0.994118839650552
67,33.61204013377927,0.28,0.45,0.409527687158457,0.5904723128415422,0.0055611957432895286,0.9944388042567105
68,34.11371237458194,0.28,0.45,0.3979313737025773,0.6020686262974219,0.005261554981707384,0.9947384450182927
69,34.61538461538461,0.28,0.45,0.38762211310208866,0.6123778868979105,0.0049805171980106385,0.9950194828019894
70,35.11705685618729,0.28,0.45,0.3784996903001353,0.6215003096998638,0.004716552654759841,0.9952834473452401
71,35.618729096989966,0.28,0.45,0.3704607159190401,0.629539284080959,0.004468300338825866,0.995531699661174
72,36.12040133779264,0.28,0.45,0.36340223150586115,0.636597768494138,0.004234547463668211,0.9957654525363316
73,36.62207357859532,0.28,0.45,0.35722441556668577,0.6427755844333135,0.0040142109663349615,0.9959857890336649
74,37.123745819397996,0.28,0.45,0.3518324879076406,0.6481675120923586,0.0038063210127102245,0.9961936789872896
75,37.625418060200666,0.28,0.45,0.34713794776007617,0.6528620522399231,0.0036100064413881017,0.9963899935586118
76,38.12709030100334,0.28,0.45,0.34305927572470934,0.6569407242752897,0.0034244820238784296,0.9965755179761215
77,38.62876254180602,0.28,0.45,0.3395222197989077,0.6604777802010914,0.0032490373907850577,0.9967509626092149
78,39.130434782608695,0.28,0.45,0.33645974449392596,0.6635402555060731,0.003083027503016781,0.9969169724969832
79,39.63210702341137,0.28,0.45,0.33381186680070624,0.6661881331992928,0.002925864348732885,0.9970741356512671
80,40.13377926421405,0.28,0.45,0.33152520185616113,0.668474798143838,0.0027770099354794907,0.9972229900645204
81,40.635451505016725,0.28,0.45,0.3295525219325166,0.6704474780674826,0.002635970217846028,0.9973640297821539
82,41.137123745819395,0.28,0.45,0.32785222706585887,0.6721477729341403,0.0025022899375099967,0.9974977100624899
83,41.63879598662207,0.28,0.45,0.3263878352935214,0.6736121647064777,0.002375548220128773,0.9976244517798711
84,42.14046822742475,0.28,0.45,0.3251274552213824,0.6748725447786166,0.0022553547778846697,0.9977446452221153
85,42.642140468227424,0.28,0.45,0.32404328076559824,0.6759567192344008,0.0021413466642207384,0.9978586533357792
86,43.1438127090301,0.28,0.45,0.32311113586738044,0.6768888641326185,0.0020331855132160606,0.9979668144867837
87,43.64548494983278,0.28,0.45,0.32231004026762616,0.6776899597323729,0.0019305551382386348,0.9980694448617613
88,44.147157190635454,0.28,0.45,0.3216218188330556,0.6783781811669435,0.0018331594682765718,0.9981668405317233
89,44.64882943143812,0.28,0.45,0.321030752892687,0.6789692471073121,0.0017407207381466654,0.9982592792618532
90,45.1505016722408,0.28,0.45,0.3205232614781882,0.6794767385218109,0.001652977955453111,0.9983470220445468
91,45.65217391304348,0.28,0.45,0.32008762874549923,0.6799123712545,0.0015696855129899794,0.9984303144870099
92,46.15384615384615,0.28,0.45,0.31971375246420836,0.6802862475357907,0.0014906120082106905,0.9985093879917892
93,46.65551839464883,0.28,0.45,0.31939293137880975,0.6806070686211894,0.0014155391560471517,0.9985844608439528
94,47.15719063545151,0.28,0.45,0.3191176769458256,0.6808823230541734,0.0013442608661365556,0.9986557391338634
95,47.65886287625418,0.28,0.45,0.31888154646224315,0.6811184535377559,0.0012765823811249546,0.998723417618875
96,48.16053511705685,0.28,0.45,0.3186790001630761,0.681320999836923,0.0012123195274694495,0.9987876804725304
97,48.66220735785953,0.28,0.45,0.3185052775530881,0.6814947224469109,0.0011512980335349524,0.998848701966465
98,49.163879598662206,0.28,0.45,0.3183562881013378,0.6816437118986614,0.0010933528983598788,0.9989066471016401
99,49.66555183946488,0.28,0.45,0.3182285187585635,0.6817714812414356,0.0010383278317399856,0.99896167216826
100,50.16722408026756,0.28,0.45,0.31811895413006996,0.681881045869929,0.0009860747373553226,0.9990139252626447
101,50.668896321070235,0.28,0.45,0.31802500435810455,0.6819749956418945,0.0009364532252124452,0.9990635467747876
102,51.17056856187291,0.28,0.45,0.3179444475268688,0.6820555524731302,0.0008893301802614225,0.9991106698197386
103,51.67224080267559,0.28,0.45,0.317875376823787,0.6821246231762119,0.0008445793489548892,0.9991554206510452
104,52.17391304347826,0.28,0.45,0.3178161560912082,0.6821838439087907,0.0008020809604506381,0.9991979190395495
105,52.675585284280935,0.28,0.45,0.3177653822623764,0.6822346177376226,0.0007617213749224541,0.9992382786250777
106,53.17725752508361,0.28,0.45,0.31772185115536206,0.6822781488446369,0.0007233927492422237,0.9992766072507581
107,53.67892976588629,0.28,0.45,0.3176845303235957,0.6823154696764032,0.0006869927309138996,0.9993130072690863
108,54.180602006688964,0.28,0.45,0.31765253436555474,0.6823474656344442,0.0006524241662638019,0.9993475758337365
109,54.68227424749164,0.28,0.45,0.31762510375225017,0.6823748962477487,0.0006195948271486962,0.9993804051728516
110,55.18394648829432,0.28,0.45,0.31760158716070236,0.6823984128392965,0.000588417154785859,0.9994115828452145
111,55.68561872909699,0.28,0.45,0.31758142623353974,0.6824185737664591,0.0005588080180236922,0.9994411919819766
112,56.187290969899664,0.28,0.45,0.31756414341691563,0.6824358565830831,0.0005306884894455662,0.9994693115105547
113,56.68896321070234,0.28,0.45,0.31754932729153107,0.6824506727084677,0.0005039836172307616,0.9994960163827696
114,57.19063545150502,0.28,0.45,0.31753662563697516,0.6824633743630236,0.00047862223022898307,0.9995213777697715
115,57.69230769230769,0.28,0.45,0.31752573661592975,0.6824742633840691,0.0004545367465530189,0.9995454632534474
116,58.19397993311037,0.28,0.45,0.31751640107725987,0.682483598922739,0.0004316629844738809,0.9995683370155265
117,58.69565217391305,0.28,0.45,0.3175083979185613,0.6824916020814376,0.00040993999880294666,0.9995900600011975
118,59.197324414715716,0.28,0.45,0.3175015370042975,0.6824984629957013,0.00038930990859117594,0.9996106900914093
119,59.69899665551839,0.28,0.45,0.31749565532602353,0.6825043446739752,0.0003697177466467,0.9996302822533539
120,60.20066889632107,0.28,0.45,0.31749061304960424,0.6825093869503946,0.00035111131084838906,0.9996488886891522
121,60.702341137123746,0.28,0.45,0.3174862903451374,0.6825137096548612,0.0003334410238220267,0.9996665589761786
122,61.20401337792642,0.28,0.45,0.31748258484670167,0.682517415153297,0.0003166598079780975,0.9996833401920225
123,61.7056856187291,0.28,0.45,0.31747940821474085,0.6825205917852578,0.00030072294309613,0.9996992770569045
124,62.207357859531776,0.28,0.45,0.31747668435400644,0.6825233156459921,0.0002855879533497777,0.9997144120466509
125,62.709030100334445,0.28,0.45,0.31747434940278463,0.682525650597214,0.0002712145184472383,0.9997287854815535
126,63.21070234113712,0.28,0.45,0.31747234733762436,0.6825276526623744,0.00025756432175145496,0.9997424356782494
127,63.7123745819398,0.28,0.45,0.3174706312478637,0.682529368752135,0.00024460099698873043,0.9997553990030121
128,64.21404682274247,0.28,0.45,0.3174691599386805,0.6825308400613183,0.00023228998314798422,0.9997677100168529
129,64.71571906354515,0.28,0.45,0.3174678987348309,0.6825321012651678,0.00022059847548388137,0.999779401524517
130,65.21739130434783,0.28,0.45,0.31746681743647676,0.6825331825635221,0.00020949530607717646,0.9997905046939237
131,65.7190635451505,0.28,0.45,0.3174658903261973,0.6825341096738016,0.00019895087932936636,0.9998010491206716
132,66.22073578595318,0.28,0.45,0.3174650955511025,0.6825349044488963,0.0001889370897234832,0.9998110629102774
133,66.72240802675586,0.28,0.45,0.3174644140813834,0.6825355859186154,0.00017942723307635042,0.9998205727669247
134,67.22408026755853,0.28,0.45,0.31746382998534656,0.6825361700146522,0.00017039597354982864,0.9998296040264513
135,67.72575250836121,0.28,0.45,0.31746332917576414,0.6825366708242346,0.00016181921392263466,0.9998381807860784
136,68.22742474916387,0.28,0.45,0.3174628999814981,0.6825371000185007,0.0001536740831907107,0.9998463259168104
137,68.72909698996655,0.28,0.45,0.31746253192892604,0.6825374680710727,0.00014593886520521547,0.9998540611347959
138,69.23076923076923,0.28,0.45,0.31746221598828295,0.6825377840117158,0.0001385929435154057,0.9998614070564859
139,69.7324414715719,0.28,0.45,0.3174619447590356,0.6825380552409631,0.0001316166459801612,0.9998683833540211
140,70.23411371237458,0.28,0.45,0.31746171227031905,0.6825382877296797,0.0001249914628733602,0.999875008537128
141,70.73578595317726,0.28,0.45,0.3174615134088402,0.6825384865911585,0.00011869981548476386,0.9998813001845165
142,71.23745819397993,0.28,0.45,0.3174613428517549,0.6825386571482438,0.00011272475529461824,0.9998872752447067
143,71.73913043478261,0.28,0.45,0.31746119680907425,0.6825388031909244,0.00010705044165035847,0.999892949558351
144,72.24080267558529,0.28,0.45,0.3174610719412256,0.682538928058773,0.00010166179923193584,0.9998983382007695
145,72.74247491638796,0.28,0.45,0.3174609647774818,0.6825390352225168,9.65443112078155e-05,0.9999034556887936
146,73.24414715719064,0.28,0.45,0.317460872834841,0.6825391271651576,9.168442190685372e-05,0.9999083155780946
147,73.74581939799332,0.28,0.45,0.3174607936824955,0.6825392063175032,8.706875980769642e-05,0.9999129312401938
148,74.24749163879599,0.28,0.45,0.317460726115384,0.6825392738846147,8.26861848579813e-05,0.9999173138151435
149,74.74916387959867,0.28,0.45,0.3174606679822196,0.6825393320177792,7.852386877520897e-05,0.9999214761312264
150,75.25083612040133,0.28,0.45,0.3174606182197935,0.6825393817802052,7.457137176778274e-05,0.9999254286282339
151,75.75250836120401,0.28,0.45,0.317460575625339,0.6825394243746596,7.08183148510303e-05,0.9999291816851507
152,76.25418060200668,0.28,0.45,0.31746053917281103,0.6825394608271877,6.72542420407623e-05,0.999932745757961
153,76.75585284280936,0.28,0.45,0.31746050788500985,0.682539492114989,6.386899668485783e-05,0.9999361310033169
154,77.25752508361204,0.28,0.45,0.3174604811526737,0.6825395188473251,6.065467690547886e-05,0.9999393453230964
155,77.75919732441471,0.28,0.45,0.31746045823200925,0.6825395417679896,5.7602556394925814e-05,0.9999423974436069
156,78.26086956521739,0.28,0.45,0.3174604383269017,0.6825395616730972,5.470358821448579e-05,0.9999452964117874
157,78.76254180602007,0.28,0.45,0.31746042097622384,0.6825395790237749,5.195002201556701e-05,0.9999480499779864
158,79.26421404682274,0.28,0.45,0.317460406113867,0.6825395938861318,4.933563639417025e-05,0.9999506643636078
159,79.76588628762542,0.28,0.45,0.31746039334557435,0.6825396066544245,4.6852939827810666e-05,0.9999531470601742
160,80.2675585284281,0.28,0.45,0.31746038229062623,0.6825396177093727,4.449455580713739e-05,0.999955505444195
161,80.76923076923077,0.28,0.45,0.3174603728286809,0.682539627171318,4.225506711612602e-05,0.999957744932886
162,81.27090301003345,0.28,0.45,0.3174603647878655,0.6825396352121333,4.012866877621323e-05,0.9999598713312261
163,81.77257525083613,0.28,0.45,0.3174603579375331,0.6825396420624658,3.810911354641951e-05,0.9999618908864559
164,82.27424749163879,0.28,0.45,0.3174603520866392,0.6825396479133596,3.6190770354009164e-05,0.9999638092296484
165,82.77591973244147,0.28,0.45,0.31746034713305843,0.6825396528669403,3.436939161001205e-05,0.9999656306083925
166,83.27759197324414,0.28,0.45,0.3174603429168564,0.6825396570831423,3.263983027817996e-05,0.9999673601697244
167,83.77926421404682,0.28,0.45,0.317460339277174,0.6825396607228249,3.099691680973172e-05,0.9999690030831929
168,84.2809364548495,0.28,0.45,0.31746033615462443,0.6825396638453745,2.9436716616214385e-05,0.9999705632833865
169,84.78260869565217,0.28,0.45,0.31746033349358904,0.6825396665064098,2.7955340968198133e-05,0.9999720446590346
170,85.28428093645485,0.28,0.45,0.3174603312027187,0.6825396687972801,2.654846628219525e-05,0.9999734515337207
171,85.78595317725753,0.28,0.45,0.31746032920815387,0.682539670791845,2.5212048057750008e-05,0.9999747879519452
172,86.2876254180602,0.28,0.45,0.3174603275053037,0.6825396724946953,2.3943147127274716e-05,0.9999760568528758
173,86.78929765886288,0.28,0.45,0.31746032605386554,0.6825396739461334,2.2738254466789703e-05,0.9999772617455364
174,87.29096989966555,0.28,0.45,0.31746032483876124,0.6825396751612376,2.1594858062186547e-05,0.999978405141941
175,87.79264214046823,0.28,0.45,0.31746032375048183,0.6825396762495171,2.0507108447594487e-05,0.9999794928915557
176,88.29431438127091,0.28,0.45,0.31746032284055037,0.6825396771594485,1.947484749427824e-05,0.9999805251525091
177,88.79598662207358,0.28,0.45,0.31746032207066294,0.6825396779293359,1.849474232691835e-05,0.9999815052576766
178,89.29765886287625,0.28,0.45,0.3174603214085934,0.6825396785914054,1.7563709279632726e-05,0.999982436290724
179,89.79933110367892,0.28,0.45,0.31746032083579206,0.6825396791642068,1.6679386575186047e-05,0.9999833206134287
180,90.3010033444816,0.28,0.45,0.31746032033513655,0.6825396796648623,1.583937235662658e-05,0.9999841606276473
181,90.80267558528428,0.28,0.45,0.31746031989377976,0.6825396801062191,1.5041401840502138e-05,0.9999849585981636
182,91.30434782608695,0.28,0.45,0.3174603195044178,0.6825396804955811,1.4283426191536547e-05,0.9999857165738126
183,91.80602006688963,0.28,0.45,0.3174603191652899,0.682539680834709,1.3563612522629645e-05,0.9999864363874817
184,92.3076923076923,0.28,0.45,0.31746031888012327,0.6825396811198756,1.288034204190422e-05,0.9999871196579626
185,92.80936454849498,0.28,0.45,0.3174603186384738,0.6825396813615251,1.2231551140607922e-05,0.9999877684488641
186,93.31103678929766,0.28,0.45,0.31746031842835054,0.6825396815716483,1.1615154526224095e-05,0.9999883848454786
187,93.81270903010034,0.28,0.45,0.3174603182525878,0.682539681747411,1.1029593956848635e-05,0.9999889704060481
188,94.31438127090301,0.28,0.45,0.31746031811736086,0.6825396818826379,1.0473453326838707e-05,0.9999895265466783
189,94.81605351170569,0.28,0.45,0.3174603180321859,0.682539681967813,9.945458666812749e-06,0.9999900545413384
190,95.31772575250837,0.28,0.45,0.3174603180099199,0.682539681990079,9.444478143650476e-06,0.9999905555218618
191,95.81939799331104,0.28,0.45,0.3174603180542907,0.6825396819457081,8.969308607474033e-06,0.9999910306913982
192,96.3210702341137,0.28,0.45,0.31746031812750697,0.6825396818724919,8.518121179055751e-06,0.9999914818788267
193,96.82274247491638,0.28,0.45,0.31746031821849563,0.6825396817815033,8.08962926317e-06,0.9999919103707428
194,97.32441471571906,0.28,0.45,0.31746031831891064,0.6825396816810883,7.682677893334721e-06,0.9999923173221128
195,97.82608695652173,0.28,0.45,0.3174603184197089,0.68253968158029,7.296185119272871e-06,0.999992703814887
196,98.32775919732441,0.28,0.45,0.31746031851115,0.6825396814888489,6.929142006912441e-06,0.9999930708579996
197,98.82943143812709,0.28,0.45,0.3174603185830531,0.6825396814169458,6.580608131570201e-06,0.9999934193918752
198,99.33110367892976,0.28,0.45,0.3174603186328747,0.6825396813671242,6.24956980265458e-06,0.9999937504302043
199,99.83277591973244,0.28,0.45,0.31746031865711183,0.6825396813428871,5.93509094364293e-06,0.9999940649090636
200,100.33444816053512,0.28,0.45,0.3174603186494806,0.6825396813505183,5.636345070131494e-06,0.9999943636549373
201,100.8361204013378,0.28,0.45,0.31746031860376733,0.6825396813962316,5.352565245321232e-06,0.9999946474347624
202,101.33779264214047,0.28,0.45,0.31746031851382855,0.6825396814861704,5.083044080017822e-06,0.9999949169559279
203,101.83946488294315,0.28,0.45,0.31746031837359084,0.682539681626408,4.8271337326316535e-06,0.9999951728662756
204,102.34113712374582,0.28,0.45,0.3174603181879154,0.6825396818120835,4.5841616650099715e-06,0.9999954158383434
205,102.8428093645485,0.28,0.45,0.31746031798204566,0.6825396820179531,4.353357381579692e-06,0.9999956466426272
206,103.34448160535118,0.28,0.45,0.31746031776783434,0.6825396822321645,4.1341143135523354e-06,0.9999958658856954
207,103.84615384615384,0.28,0.45,0.3174603175588026,0.6825396824411962,3.925873045698118e-06,0.9999960741269636
208,104.34782608695652,0.28,0.45,0.3174603173707576,0.6825396826292413,3.7281165296754394e-06,0.99999627188348
209,104.84949832775919,0.28,0.45,0.31746031722179213,0.6825396827782066,3.540370084030911e-06,0.9999964596299259
210,105.35117056856187,0.28,0.45,0.31746031712892553,0.6825396828710732,3.362181986095606e-06,0.9999966378180242
211,105.85284280936455,0.28,0.45,0.3174603170742828,0.682539682925716,3.1929280932152333e-06,0.9999968070719174
212,106.35451505016722,0.28,0.45,0.31746031705695577,0.682539682943043,3.032111439743028e-06,0.9999969678885712
213,106.8561872909699,0.28,0.45,0.31746031708489764,0.6825396829151011,2.879315414920239e-06,0.9999971206845963
214,107.35785953177258,0.28,0.45,0.3174603171665261,0.6825396828334727,2.734155251593148e-06,0.99999726584476
215,107.85953177257525,0.28,0.45,0.3174603173107229,0.6825396826892759,2.59627802621307e-06,0.9999974037219858
216,108.36120401337793,0.28,0.45,0.31746031752683407,0.6825396824731647,2.465362658836355e-06,0.9999975346373535
217,108.8628762541806,0.28,0.45,0.31746031782467,0.6825396821753288,2.3411199131243847e-06,0.9999976588800997
218,109.36454849498328,0.28,0.45,0.31746031821450515,0.6825396817854936,2.2232923963435755e-06,0.9999977767076169
219,109.86622073578596,0.28,0.45,0.31746031869146785,0.6825396813085309,2.111578917332867e-06,0.9999978884210963
220,110.36789297658864,0.28,0.45,0.317460319203995,0.6825396807960038,2.0054816304338013e-06,0.9999979945183836
221,110.8695652173913,0.28,0.45,0.3174603197343027,0.6825396802656961,1.9046959653192173e-06,0.9999980953040492
222,111.37123745819397,0.28,0.45,0.3174603202660926,0.6825396797339062,1.8089541435296151e-06,0.9999981910458714
223,111.87290969899665,0.28,0.45,0.317460320780916,0.6825396792190829,1.7180075612316924e-06,0.9999982819924542
224,112.37458193979933,0.28,0.45,0.31746032125817386,0.682539678741825,1.631626789218332e-06,0.9999983683732268
225,112.876254180602,0.28,0.45,0.31746032167511695,0.6825396783248818,1.5496015729086035e-06,0.9999984503984436
226,113.37792642140468,0.28,0.45,0.31746032200684576,0.6825396779931531,1.4717408323477667e-06,0.9999985282591847
227,113.87959866220736,0.28,0.45,0.3174603222263103,0.6825396777736885,1.397872662207268e-06,0.9999986021273554
228,114.38127090301003,0.28,0.45,0.31746032233277277,0.6825396776672261,1.327763921101608e-06,0.999998672236097
229,114.88294314381271,0.28,0.45,0.3174603223428319,0.682539677657167,1.261145587427886e-06,0.9999987388544312
230,115.38461538461539,0.28,0.45,0.31746032224584303,0.6825396777541558,1.1978387072671433e-06,0.9999988021613121
231,115.88628762541806,0.28,0.45,0.31746032203118285,0.682539677968816,1.1376773662019856e-06,0.9999988623226538
232,116.38795986622074,0.28,0.45,0.31746032168831995,0.6825396783116789,1.0805084897029904e-06,0.9999989194915309
233,116.88963210702342,0.28,0.45,0.31746032120681483,0.6825396787931841,1.0261918431287043e-06,0.9999989738081781
234,117.3913043478261,0.28,0.45,0.31746032057632,0.6825396794236789,9.74600031725645e-07,0.9999990253999902
235,117.89297658862876,0.28,0.45,0.3174603197865799,0.682539680213419,9.25618500628302e-07,0.999999074381522
236,118.39464882943143,0.28,0.45,0.3174603188303187,0.6825396811696801,8.791423982688131e-07,0.9999991208576252
237,118.89632107023411,0.28,0.45,0.3174603177760313,0.6825396822239674,8.349975154858193e-07,0.9999991650025087
238,119.39799331103679,0.28,0.45,0.31746031667714364,0.6825396833228552,7.93038949656325e-07,0.9999992069610754
239,119.89966555183946,0.28,0.45,0.31746031556475357,0.6825396844352452,7.531589894031923e-07,0.9999992468410365
240,120.40133779264214,0.28,0.45,0.31746031447397305,0.6825396855260257,7.152585033047471e-07,0.9999992847415233
241,120.90301003344482,0.28,0.45,0.31746031344392794,0.6825396865560709,6.792469398947801e-07,0.9999993207530876
242,121.40468227424749,0.28,0.45,0.31746031251775825,0.6825396874822406,6.450423276625454e-07,0.9999993549577008
243,121.90635451505017,0.28,0.45,0.31746031174261796,0.6825396882573808,6.125712750527623e-07,0.9999993874287543
244,122.40802675585284,0.28,0.45,0.3174603111696752,0.6825396888303236,5.817689704656131e-07,0.9999994182310599
245,122.90969899665552,0.28,0.45,0.3174603109597704,0.6825396890402284,5.516320760298693e-07,0.9999994483679553
246,123.4113712374582,0.28,0.45,0.3174603107653872,0.6825396892346115,5.242747036306147e-07,0.9999994757253287
247,123.91304347826087,0.28,0.45,0.3174603107816958,0.682539689218303,4.981708587290708e-07,0.9999995018291746
248,124.41471571906355,0.28,0.45,0.3174603110213609,0.6825396889786379,4.732848818922442e-07,0.9999995267151526
249,124.91638795986621,0.28,0.45,0.31746031149704723,0.6825396885029515,4.4958111368714245e-07,0.9999995504189219
250,125.41806020066889,0.28,0.45,0.3174603122214196,0.6825396877785792,4.27023894680771e-07,0.9999995729761421
251,125.91973244147157,0.28,0.45,0.3174603132071428,0.682539686792856,4.055775654401372e-07,0.9999995944224724
252,126.42140468227424,0.28,0.45,0.31746031446688144,0.6825396855331173,3.852064665322478e-07,0.9999996147935726
253,126.92307692307692,0.28,0.45,0.31746031601330044,0.6825396839866984,3.658749385241096e-07,0.9999996341251018
254,127.4247491638796,0.28,0.45,0.31746031769386746,0.6825396823061313,3.475329163694556e-07,0.9999996524671254
255,127.92642140468227,0.28,0.45,0.3174603190636124,0.6825396809363864,3.301048336558537e-07,0.9999996698952095
256,128.42809364548495,0.28,0.45,0.3174603198855555,0.6825396801144433,3.1353326129611695e-07,0.9999996864667832
257,128.9297658862876,0.28,0.45,0.3174603199500416,0.6825396800499571,2.9776262770340113e-07,0.9999997022374182
258,129.4314381270903,0.28,0.45,0.31746031958032106,0.6825396804196777,2.827699132674774e-07,0.999999717230134
259,129.93311036789297,0.28,0.45,0.3174603190640109,0.6825396809359879,2.685299217624707e-07,0.9999997314701271
260,130.43478260869566,0.28,0.45,0.3174603185313193,0.6825396814686795,2.550078418054213e-07,0.9999997449922087
261,130.93645484949832,0.28,0.45,0.3174603180811299,0.6825396819188689,2.4216908495144645e-07,0.9999997578309672
262,131.438127090301,0.28,0.45,0.31746031771283423,0.6825396822871646,2.2997977084236602e-07,0.999999770020283
263,131.93979933110367,0.28,0.45,0.3174603174822261,0.6825396825177728,2.1840561770497884e-07,0.9999997815944378
264,132.44147157190636,0.28,0.45,0.3174603171579503,0.6825396828420484,2.0721154582904632e-07,0.9999997927885115
265,132.94314381270902,0.28,0.45,0.3174603174393594,0.6825396825606393,1.9690024762714538e-07,0.9999998030998115
266,133.44481605351172,0.28,0.45,0.3174603176393816,0.6825396823606171,1.870451086687004e-07,0.9999998129549524
267,133.94648829431438,0.28,0.45,0.317460317758017,0.6825396822419818,1.7764612895371245e-07,0.9999998223539341
268,134.44816053511707,0.28,0.45,0.3174603178028886,0.68253968219711,1.686984713194403e-07,0.9999998313015939
269,134.94983277591973,0.28,0.45,0.3174603178136809,0.6825396821863178,1.6017695430746117e-07,0.999999839823113
270,135.45150501672242,0.28,0.45,0.3174603177960921,0.6825396822039066,1.520779621253591e-07,0.9999998479221074
271,135.95317725752508,0.28,0.45,0.3174603177501221,0.6825396822498765,1.4440149477313498e-07,0.999999855598577
272,136.45484949832775,0.28,0.45,0.3174603176879518,0.6825396823120468,1.3712349355850938e-07,0.9999998628765806
273,136.95652173913044,0.28,0.45,0.31746031763431204,0.6825396823656865,1.3019511118530525e-07,0.9999998698049654
274,137.4581939799331,0.28,0.45,0.3174603175899212,0.6825396824100773,1.236149288623902e-07,0.9999998763851502
275,137.9598662207358,0.28,0.45,0.3174603175547741,0.6825396824452246,1.1738278258365347e-07,0.999999882617299
276,138.46153846153845,0.28,0.45,0.31746031752776405,0.6825396824722345,1.1146364233612488e-07,0.999999888536442
277,138.96321070234114,0.28,0.45,0.31746031750805326,0.6825396824919453,1.0583098476669073e-07,0.9999998941691023
278,139.4648829431438,0.28,0.45,0.3174603174956417,0.6825396825043569,1.0048480987535164e-07,0.9999998995152799
279,139.9665551839465,0.28,0.45,0.3174603174901554,0.6825396825098432,9.542218659468103e-08,0.9999999045779061
280,140.46822742474916,0.28,0.45,0.3174603174869392,0.6825396825130594,9.060661829399299e-08,0.9999999093934775
281,140.96989966555185,0.28,0.45,0.3174603174845992,0.6825396825153994,8.60271773205372e-08,0.9999999139729215
282,141.4715719063545,0.28,0.45,0.3174603174831353,0.6825396825168634,8.168386367431419e-08,0.9999999183162385
283,141.9732441471572,0.28,0.45,0.3174603174823136,0.682539682517685,7.756897090854138e-08,0.9999999224311344
284,142.47491638795987,0.28,0.45,0.3174603174812045,0.682539682518794,7.365187850992907e-08,0.9999999263482303
285,142.97658862876253,0.28,0.45,0.317460317479712,0.6825396825202866,6.992942288408725e-08,0.9999999300706894
286,143.47826086956522,0.28,0.45,0.31746031747783604,0.6825396825221626,6.640160403101572e-08,0.999999933598512
287,143.97993311036788,0.28,0.45,0.3174603174757614,0.6825396825242371,6.305524448545735e-08,0.9999999369448753
288,144.48160535117057,0.28,0.45,0.3174603174737796,0.682539682526219,5.986957252146007e-08,0.9999999401305512
289,144.98327759197323,0.28,0.45,0.3174603174718941,0.6825396825281045,5.684433269254334e-08,0.999999943155795
290,145.48494983277592,0.28,0.45,0.3174603174701051,0.6825396825298935,5.397905648373616e-08,0.9999999460210754
291,145.9866220735786,0.28,0.45,0.3174603174684224,0.6825396825315762,5.124631096528041e-08,0.9999999487538253
292,146.48829431438128,0.28,0.45,0.31746031746685166,0.6825396825331469,4.863008666739943e-08,0.999999951370054
293,146.98996655518394,0.28,0.45,0.317460317465393,0.6825396825346055,4.6130383590093506e-08,0.9999999538697617
294,147.49163879598663,0.28,0.45,0.31746031746404635,0.6825396825359522,4.374720173336236e-08,0.9999999562529484
295,147.9933110367893,0.28,0.45,0.31746031746281167,0.6825396825371869,4.148054109720626e-08,0.999999958519614
296,148.49498327759198,0.28,0.45,0.317460317461689,0.6825396825383095,3.933040168162494e-08,0.9999999606697585
297,148.99665551839465,0.28,0.45,0.3174603174606784,0.6825396825393202,3.729678348661867e-08,0.999999962703382
298,149.49832775919734,0.28,0.45,0.31746031745977976,0.6825396825402188,3.5379686512187194e-08,0.9999999646204843
299,150.0,0.28,0.45,0.3174603174589931,0.6825396825410054,3.357911075833074e-08,0.9999999664210657
