,sim_id,time,S,I,C,D
0,0,0,999.0,1.0,500.0,500.0
1,0,1,999.0,1.0,144.0,856.0
2,0,2,999.0,1.0,127.0,873.0
3,0,3,999.0,1.0,16.0,984.0
4,0,4,999.0,1.0,10.0,990.0
5,0,5,999.0,1.0,10.0,990.0
6,0,6,999.0,1.0,10.0,990.0
7,0,7,1000.0,0.0,10.0,990.0
8,0,8,1000.0,0.0,10.0,990.0
9,0,9,1000.0,0.0,10.0,990.0
10,0,10,1000.0,0.0,10.0,990.0
11,0,11,1000.0,0.0,10.0,990.0
12,0,12,1000.0,0.0,10.0,990.0
13,0,13,1000.0,0.0,10.0,990.0
14,0,14,1000.0,0.0,10.0,990.0
15,0,15,1000.0,0.0,10.0,990.0
16,0,16,1000.0,0.0,10.0,990.0
17,0,17,1000.0,0.0,10.0,990.0
18,0,18,1000.0,0.0,10.0,990.0
19,0,19,1000.0,0.0,10.0,990.0
20,0,20,1000.0,0.0,10.0,990.0
21,0,21,1000.0,0.0,10.0,990.0
22,0,22,1000.0,0.0,10.0,990.0
23,0,23,1000.0,0.0,10.0,990.0
24,0,24,1000.0,0.0,10.0,990.0
25,0,25,1000.0,0.0,10.0,990.0
26,0,26,1000.0,0.0,10.0,990.0
27,0,27,1000.0,0.0,10.0,990.0
28,0,28,1000.0,0.0,10.0,990.0
29,0,29,1000.0,0.0,10.0,990.0
30,0,30,1000.0,0.0,10.0,990.0
31,0,31,1000.0,0.0,10.0,990.0
32,0,32,1000.0,0.0,10.0,990.0
33,0,33,1000.0,0.0,10.0,990.0
34,0,34,1000.0,0.0,10.0,990.0
35,0,35,1000.0,0.0,10.0,990.0
36,0,36,1000.0,0.0,10.0,990.0
37,0,37,1000.0,0.0,10.0,990.0
38,0,38,1000.0,0.0,10.0,990.0
39,0,39,1000.0,0.0,10.0,990.0
40,0,40,1000.0,0.0,10.0,990.0
41,0,41,1000.0,0.0,10.0,990.0
42,0,42,1000.0,0.0,10.0,990.0
43,0,43,1000.0,0.0,11.0,989.0
44,0,44,1000.0,0.0,10.0,990.0
45,0,45,1000.0,0.0,10.0,990.0
46,0,46,1000.0,0.0,10.0,990.0
47,0,47,1000.0,0.0,10.0,990.0
48,0,48,1000.0,0.0,10.0,990.0
49,0,49,1000.0,0.0,10.0,990.0
50,0,50,1000.0,0.0,10.0,990.0
51,0,51,1000.0,0.0,10.0,990.0
52,0,52,1000.0,0.0,10.0,990.0
53,0,53,1000.0,0.0,10.0,990.0
54,0,54,1000.0,0.0,10.0,990.0
55,0,55,1000.0,0.0,10.0,990.0
56,0,56,1000.0,0.0,10.0,990.0
57,0,57,1000.0,0.0,10.0,990.0
58,0,58,1000.0,0.0,10.0,990.0
59,0,59,1000.0,0.0,10.0,990.0
60,0,60,1000.0,0.0,10.0,990.0
61,0,61,1000.0,0.0,10.0,990.0
62,0,62,1000.0,0.0,10.0,990.0
63,0,63,1000.0,0.0,10.0,990.0
64,0,64,1000.0,0.0,10.0,990.0
65,0,65,1000.0,0.0,10.0,990.0
66,0,66,1000.0,0.0,10.0,990.0
67,0,67,1000.0,0.0,10.0,990.0
68,0,68,1000.0,0.0,10.0,990.0
69,0,69,1000.0,0.0,10.0,990.0
70,0,70,1000.0,0.0,10.0,990.0
71,0,71,1000.0,0.0,10.0,990.0
72,0,72,1000.0,0.0,11.0,989.0
73,0,73,1000.0,0.0,10.0,990.0
74,0,74,1000.0,0.0,10.0,990.0
75,0,75,1000.0,0.0,10.0,990.0
76,0,76,1000.0,0.0,10.0,990.0
77,0,77,1000.0,0.0,10.0,990.0
78,0,78,1000.0,0.0,10.0,990.0
79,0,79,1000.0,0.0,10.0,990.0
80,0,80,1000.0,0.0,10.0,990.0
81,0,81,1000.0,0.0,10.0,990.0
82,0,82,1000.0,0.0,10.0,990.0
83,0,83,1000.0,0.0,10.0,990.0
84,0,84,1000.0,0.0,10.0,990.0
85,0,85,1000.0,0.0,10.0,990.0
86,0,86,1000.0,0.0,10.0,990.0
87,0,87,1000.0,0.0,10.0,990.0
88,0,88,1000.0,0.0,10.0,990.0
89,0,89,1000.0,0.0,10.0,990.0
90,0,90,1000.0,0.0,10.0,990.0
91,0,91,1000.0,0.0,10.0,990.0
92,0,92,1000.0,0.0,10.0,990.0
93,0,93,1000.0,0.0,10.0,990.0
94,0,94,1000.0,0.0,10.0,990.0
95,0,95,1000.0,0.0,10.0,990.0
96,0,96,1000.0,0.0,10.0,990.0
97,0,97,1000.0,0.0,10.0,990.0
98,0,98,1000.0,0.0,10.0,990.0
99,0,99,1000.0,0.0,10.0,990.0
100,0,100,1000.0,0.0,10.0,990.0
101,0,101,1000.0,0.0,10.0,990.0
102,0,102,1000.0,0.0,10.0,990.0
103,0,103,1000.0,0.0,10.0,990.0
104,0,104,1000.0,0.0,10.0,990.0
105,0,105,1000.0,0.0,10.0,990.0
106,0,106,1000.0,0.0,10.0,990.0
107,0,107,1000.0,0.0,10.0,990.0
108,0,108,1000.0,0.0,10.0,990.0
109,0,109,1000.0,0.0,10.0,990.0
110,0,110,1000.0,0.0,10.0,990.0
111,0,111,1000.0,0.0,10.0,990.0
112,0,112,1000.0,0.0,10.0,990.0
113,0,113,1000.0,0.0,10.0,990.0
114,0,114,1000.0,0.0,10.0,990.0
115,0,115,1000.0,0.0,10.0,990.0
116,0,116,1000.0,0.0,10.0,990.0
117,0,117,1000.0,0.0,10.0,990.0
118,0,118,1000.0,0.0,10.0,990.0
119,0,119,1000.0,0.0,10.0,990.0
120,0,120,1000.0,0.0,10.0,990.0
121,0,121,1000.0,0.0,10.0,990.0
122,0,122,1000.0,0.0,10.0,990.0
123,0,123,1000.0,0.0,10.0,990.0
124,0,124,1000.0,0.0,10.0,990.0
125,0,125,1000.0,0.0,10.0,990.0
126,0,126,1000.0,0.0,10.0,990.0
127,0,127,1000.0,0.0,10.0,990.0
128,0,128,1000.0,0.0,10.0,990.0
129,0,129,1000.0,0.0,10.0,990.0
130,0,130,1000.0,0.0,10.0,990.0
131,0,131,1000.0,0.0,10.0,990.0
132,0,132,1000.0,0.0,10.0,990.0
133,0,133,1000.0,0.0,10.0,990.0
134,0,134,1000.0,0.0,10.0,990.0
135,0,135,1000.0,0.0,10.0,990.0
136,0,136,1000.0,0.0,11.0,989.0
137,0,137,1000.0,0.0,10.0,990.0
138,0,138,1000.0,0.0,10.0,990.0
139,0,139,1000.0,0.0,10.0,990.0
140,0,140,1000.0,0.0,10.0,990.0
141,0,141,1000.0,0.0,10.0,990.0
142,0,142,1000.0,0.0,10.0,990.0
143,0,143,1000.0,0.0,10.0,990.0
144,0,144,1000.0,0.0,10.0,990.0
145,0,145,1000.0,0.0,10.0,990.0
146,0,146,1000.0,0.0,10.0,990.0
147,0,147,1000.0,0.0,10.0,990.0
148,0,148,1000.0,0.0,10.0,990.0
149,0,149,1000.0,0.0,10.0,990.0
0,1,0,999.0,1.0,500.0,500.0
1,1,1,999.0,1.0,534.0,466.0
2,1,2,999.0,1.0,577.0,423.0
3,1,3,999.0,1.0,71.0,929.0
4,1,4,999.0,1.0,6.0,994.0
5,1,5,999.0,1.0,0.0,1000.0
6,1,6,999.0,1.0,0.0,1000.0
7,1,7,1000.0,0.0,0.0,1000.0
8,1,8,1000.0,0.0,0.0,1000.0
9,1,9,1000.0,0.0,0.0,1000.0
10,1,10,1000.0,0.0,0.0,1000.0
11,1,11,1000.0,0.0,0.0,1000.0
12,1,12,1000.0,0.0,0.0,1000.0
13,1,13,1000.0,0.0,0.0,1000.0
14,1,14,1000.0,0.0,0.0,1000.0
15,1,15,1000.0,0.0,0.0,1000.0
16,1,16,1000.0,0.0,0.0,1000.0
17,1,17,1000.0,0.0,0.0,1000.0
18,1,18,1000.0,0.0,0.0,1000.0
19,1,19,1000.0,0.0,0.0,1000.0
20,1,20,1000.0,0.0,0.0,1000.0
21,1,21,1000.0,0.0,0.0,1000.0
22,1,22,1000.0,0.0,0.0,1000.0
23,1,23,1000.0,0.0,0.0,1000.0
24,1,24,1000.0,0.0,0.0,1000.0
25,1,25,1000.0,0.0,0.0,1000.0
26,1,26,1000.0,0.0,0.0,1000.0
27,1,27,1000.0,0.0,0.0,1000.0
28,1,28,1000.0,0.0,0.0,1000.0
29,1,29,1000.0,0.0,0.0,1000.0
30,1,30,1000.0,0.0,0.0,1000.0
31,1,31,1000.0,0.0,0.0,1000.0
32,1,32,1000.0,0.0,0.0,1000.0
33,1,33,1000.0,0.0,0.0,1000.0
34,1,34,1000.0,0.0,0.0,1000.0
35,1,35,1000.0,0.0,0.0,1000.0
36,1,36,1000.0,0.0,0.0,1000.0
37,1,37,1000.0,0.0,0.0,1000.0
38,1,38,1000.0,0.0,0.0,1000.0
39,1,39,1000.0,0.0,0.0,1000.0
40,1,40,1000.0,0.0,0.0,1000.0
41,1,41,1000.0,0.0,0.0,1000.0
42,1,42,1000.0,0.0,0.0,1000.0
43,1,43,1000.0,0.0,0.0,1000.0
44,1,44,1000.0,0.0,0.0,1000.0
45,1,45,1000.0,0.0,0.0,1000.0
46,1,46,1000.0,0.0,0.0,1000.0
47,1,47,1000.0,0.0,0.0,1000.0
48,1,48,1000.0,0.0,0.0,1000.0
49,1,49,1000.0,0.0,0.0,1000.0
50,1,50,1000.0,0.0,0.0,1000.0
51,1,51,1000.0,0.0,0.0,1000.0
52,1,52,1000.0,0.0,0.0,1000.0
53,1,53,1000.0,0.0,0.0,1000.0
54,1,54,1000.0,0.0,0.0,1000.0
55,1,55,1000.0,0.0,0.0,1000.0
56,1,56,1000.0,0.0,0.0,1000.0
57,1,57,1000.0,0.0,0.0,1000.0
58,1,58,1000.0,0.0,0.0,1000.0
59,1,59,1000.0,0.0,0.0,1000.0
60,1,60,1000.0,0.0,0.0,1000.0
61,1,61,1000.0,0.0,0.0,1000.0
62,1,62,1000.0,0.0,0.0,1000.0
63,1,63,1000.0,0.0,0.0,1000.0
64,1,64,1000.0,0.0,0.0,1000.0
65,1,65,1000.0,0.0,0.0,1000.0
66,1,66,1000.0,0.0,0.0,1000.0
67,1,67,1000.0,0.0,0.0,1000.0
68,1,68,1000.0,0.0,0.0,1000.0
69,1,69,1000.0,0.0,0.0,1000.0
70,1,70,1000.0,0.0,0.0,1000.0
71,1,71,1000.0,0.0,0.0,1000.0
72,1,72,1000.0,0.0,0.0,1000.0
73,1,73,1000.0,0.0,0.0,1000.0
74,1,74,1000.0,0.0,0.0,1000.0
75,1,75,1000.0,0.0,0.0,1000.0
76,1,76,1000.0,0.0,0.0,1000.0
77,1,77,1000.0,0.0,0.0,1000.0
78,1,78,1000.0,0.0,0.0,1000.0
79,1,79,1000.0,0.0,0.0,1000.0
80,1,80,1000.0,0.0,0.0,1000.0
81,1,81,1000.0,0.0,0.0,1000.0
82,1,82,1000.0,0.0,0.0,1000.0
83,1,83,1000.0,0.0,0.0,1000.0
84,1,84,1000.0,0.0,0.0,1000.0
85,1,85,1000.0,0.0,0.0,1000.0
86,1,86,1000.0,0.0,0.0,1000.0
87,1,87,1000.0,0.0,0.0,1000.0
88,1,88,1000.0,0.0,0.0,1000.0
89,1,89,1000.0,0.0,0.0,1000.0
90,1,90,1000.0,0.0,0.0,1000.0
91,1,91,1000.0,0.0,0.0,1000.0
92,1,92,1000.0,0.0,0.0,1000.0
93,1,93,1000.0,0.0,0.0,1000.0
94,1,94,1000.0,0.0,0.0,1000.0
95,1,95,1000.0,0.0,0.0,1000.0
96,1,96,1000.0,0.0,0.0,1000.0
97,1,97,1000.0,0.0,0.0,1000.0
98,1,98,1000.0,0.0,0.0,1000.0
99,1,99,1000.0,0.0,0.0,1000.0
100,1,100,1000.0,0.0,0.0,1000.0
101,1,101,1000.0,0.0,0.0,1000.0
102,1,102,1000.0,0.0,0.0,1000.0
103,1,103,1000.0,0.0,0.0,1000.0
104,1,104,1000.0,0.0,0.0,1000.0
105,1,105,1000.0,0.0,0.0,1000.0
106,1,106,1000.0,0.0,0.0,1000.0
107,1,107,1000.0,0.0,0.0,1000.0
108,1,108,1000.0,0.0,0.0,1000.0
109,1,109,1000.0,0.0,0.0,1000.0
110,1,110,1000.0,0.0,0.0,1000.0
111,1,111,1000.0,0.0,0.0,1000.0
112,1,112,1000.0,0.0,0.0,1000.0
113,1,113,1000.0,0.0,0.0,1000.0
114,1,114,1000.0,0.0,0.0,1000.0
115,1,115,1000.0,0.0,0.0,1000.0
116,1,116,1000.0,0.0,0.0,1000.0
117,1,117,1000.0,0.0,0.0,1000.0
118,1,118,1000.0,0.0,0.0,1000.0
119,1,119,1000.0,0.0,0.0,1000.0
120,1,120,1000.0,0.0,0.0,1000.0
121,1,121,1000.0,0.0,0.0,1000.0
122,1,122,1000.0,0.0,0.0,1000.0
123,1,123,1000.0,0.0,0.0,1000.0
124,1,124,1000.0,0.0,0.0,1000.0
125,1,125,1000.0,0.0,0.0,1000.0
126,1,126,1000.0,0.0,0.0,1000.0
127,1,127,1000.0,0.0,0.0,1000.0
128,1,128,1000.0,0.0,0.0,1000.0
129,1,129,1000.0,0.0,0.0,1000.0
130,1,130,1000.0,0.0,0.0,1000.0
131,1,131,1000.0,0.0,0.0,1000.0
132,1,132,1000.0,0.0,0.0,1000.0
133,1,133,1000.0,0.0,0.0,1000.0
134,1,134,1000.0,0.0,0.0,1000.0
135,1,135,1000.0,0.0,0.0,1000.0
136,1,136,1000.0,0.0,0.0,1000.0
137,1,137,1000.0,0.0,0.0,1000.0
138,1,138,1000.0,0.0,0.0,1000.0
139,1,139,1000.0,0.0,0.0,1000.0
140,1,140,1000.0,0.0,0.0,1000.0
141,1,141,1000.0,0.0,0.0,1000.0
142,1,142,1000.0,0.0,0.0,1000.0
143,1,143,1000.0,0.0,0.0,1000.0
144,1,144,1000.0,0.0,0.0,1000.0
145,1,145,1000.0,0.0,0.0,1000.0
146,1,146,1000.0,0.0,0.0,1000.0
147,1,147,1000.0,0.0,0.0,1000.0
148,1,148,1000.0,0.0,0.0,1000.0
149,1,149,1000.0,0.0,0.0,1000.0
0,2,0,999.0,1.0,500.0,500.0
1,2,1,999.0,1.0,541.0,459.0
2,2,2,999.0,1.0,536.0,464.0
3,2,3,999.0,1.0,64.0,936.0
4,2,4,999.0,1.0,57.0,943.0
5,2,5,999.0,1.0,8.0,992.0
6,2,6,999.0,1.0,8.0,992.0
7,2,7,1000.0,0.0,8.0,992.0
8,2,8,1000.0,0.0,8.0,992.0
9,2,9,1000.0,0.0,8.0,992.0
10,2,10,1000.0,0.0,8.0,992.0
11,2,11,1000.0,0.0,8.0,992.0
12,2,12,1000.0,0.0,8.0,992.0
13,2,13,1000.0,0.0,8.0,992.0
14,2,14,1000.0,0.0,8.0,992.0
15,2,15,1000.0,0.0,8.0,992.0
16,2,16,1000.0,0.0,8.0,992.0
17,2,17,1000.0,0.0,8.0,992.0
18,2,18,1000.0,0.0,8.0,992.0
19,2,19,1000.0,0.0,8.0,992.0
20,2,20,1000.0,0.0,8.0,992.0
21,2,21,1000.0,0.0,8.0,992.0
22,2,22,1000.0,0.0,8.0,992.0
23,2,23,1000.0,0.0,8.0,992.0
24,2,24,1000.0,0.0,8.0,992.0
25,2,25,1000.0,0.0,8.0,992.0
26,2,26,1000.0,0.0,8.0,992.0
27,2,27,1000.0,0.0,8.0,992.0
28,2,28,1000.0,0.0,8.0,992.0
29,2,29,1000.0,0.0,8.0,992.0
30,2,30,1000.0,0.0,8.0,992.0
31,2,31,1000.0,0.0,8.0,992.0
32,2,32,1000.0,0.0,8.0,992.0
33,2,33,1000.0,0.0,8.0,992.0
34,2,34,1000.0,0.0,8.0,992.0
35,2,35,1000.0,0.0,8.0,992.0
36,2,36,1000.0,0.0,8.0,992.0
37,2,37,1000.0,0.0,8.0,992.0
38,2,38,1000.0,0.0,8.0,992.0
39,2,39,1000.0,0.0,8.0,992.0
40,2,40,1000.0,0.0,8.0,992.0
41,2,41,1000.0,0.0,8.0,992.0
42,2,42,1000.0,0.0,8.0,992.0
43,2,43,1000.0,0.0,8.0,992.0
44,2,44,1000.0,0.0,8.0,992.0
45,2,45,1000.0,0.0,8.0,992.0
46,2,46,1000.0,0.0,8.0,992.0
47,2,47,1000.0,0.0,8.0,992.0
48,2,48,1000.0,0.0,8.0,992.0
49,2,49,1000.0,0.0,8.0,992.0
50,2,50,1000.0,0.0,8.0,992.0
51,2,51,1000.0,0.0,8.0,992.0
52,2,52,1000.0,0.0,8.0,992.0
53,2,53,1000.0,0.0,8.0,992.0
54,2,54,1000.0,0.0,8.0,992.0
55,2,55,1000.0,0.0,8.0,992.0
56,2,56,1000.0,0.0,8.0,992.0
57,2,57,1000.0,0.0,8.0,992.0
58,2,58,1000.0,0.0,8.0,992.0
59,2,59,1000.0,0.0,8.0,992.0
60,2,60,1000.0,0.0,8.0,992.0
61,2,61,1000.0,0.0,8.0,992.0
62,2,62,1000.0,0.0,8.0,992.0
63,2,63,1000.0,0.0,8.0,992.0
64,2,64,1000.0,0.0,8.0,992.0
65,2,65,1000.0,0.0,8.0,992.0
66,2,66,1000.0,0.0,8.0,992.0
67,2,67,1000.0,0.0,8.0,992.0
68,2,68,1000.0,0.0,8.0,992.0
69,2,69,1000.0,0.0,8.0,992.0
70,2,70,1000.0,0.0,8.0,992.0
71,2,71,1000.0,0.0,8.0,992.0
72,2,72,1000.0,0.0,8.0,992.0
73,2,73,1000.0,0.0,8.0,992.0
74,2,74,1000.0,0.0,8.0,992.0
75,2,75,1000.0,0.0,8.0,992.0
76,2,76,1000.0,0.0,8.0,992.0
77,2,77,1000.0,0.0,8.0,992.0
78,2,78,1000.0,0.0,8.0,992.0
79,2,79,1000.0,0.0,8.0,992.0
80,2,80,1000.0,0.0,8.0,992.0
81,2,81,1000.0,0.0,8.0,992.0
82,2,82,1000.0,0.0,8.0,992.0
83,2,83,1000.0,0.0,8.0,992.0
84,2,84,1000.0,0.0,8.0,992.0
85,2,85,1000.0,0.0,8.0,992.0
86,2,86,1000.0,0.0,8.0,992.0
87,2,87,1000.0,0.0,8.0,992.0
88,2,88,1000.0,0.0,8.0,992.0
89,2,89,1000.0,0.0,8.0,992.0
90,2,90,1000.0,0.0,8.0,992.0
91,2,91,1000.0,0.0,8.0,992.0
92,2,92,1000.0,0.0,8.0,992.0
93,2,93,1000.0,0.0,8.0,992.0
94,2,94,1000.0,0.0,8.0,992.0
95,2,95,1000.0,0.0,8.0,992.0
96,2,96,1000.0,0.0,8.0,992.0
97,2,97,1000.0,0.0,8.0,992.0
98,2,98,1000.0,0.0,8.0,992.0
99,2,99,1000.0,0.0,8.0,992.0
100,2,100,1000.0,0.0,8.0,992.0
101,2,101,1000.0,0.0,8.0,992.0
102,2,102,1000.0,0.0,8.0,992.0
103,2,103,1000.0,0.0,8.0,992.0
104,2,104,1000.0,0.0,8.0,992.0
105,2,105,1000.0,0.0,8.0,992.0
106,2,106,1000.0,0.0,8.0,992.0
107,2,107,1000.0,0.0,8.0,992.0
108,2,108,1000.0,0.0,8.0,992.0
109,2,109,1000.0,0.0,8.0,992.0
110,2,110,1000.0,0.0,8.0,992.0
111,2,111,1000.0,0.0,8.0,992.0
112,2,112,1000.0,0.0,8.0,992.0
113,2,113,1000.0,0.0,8.0,992.0
114,2,114,1000.0,0.0,8.0,992.0
115,2,115,1000.0,0.0,8.0,992.0
116,2,116,1000.0,0.0,8.0,992.0
117,2,117,1000.0,0.0,8.0,992.0
118,2,118,1000.0,0.0,8.0,992.0
119,2,119,1000.0,0.0,8.0,992.0
120,2,120,1000.0,0.0,8.0,992.0
121,2,121,1000.0,0.0,8.0,992.0
122,2,122,1000.0,0.0,8.0,992.0
123,2,123,1000.0,0.0,8.0,992.0
124,2,124,1000.0,0.0,8.0,992.0
125,2,125,1000.0,0.0,9.0,991.0
126,2,126,1000.0,0.0,8.0,992.0
127,2,127,1000.0,0.0,8.0,992.0
128,2,128,1000.0,0.0,8.0,992.0
129,2,129,1000.0,0.0,8.0,992.0
130,2,130,1000.0,0.0,8.0,992.0
131,2,131,1000.0,0.0,8.0,992.0
132,2,132,1000.0,0.0,8.0,992.0
133,2,133,1000.0,0.0,8.0,992.0
134,2,134,1000.0,0.0,8.0,992.0
135,2,135,1000.0,0.0,8.0,992.0
136,2,136,1000.0,0.0,8.0,992.0
137,2,137,1000.0,0.0,8.0,992.0
138,2,138,1000.0,0.0,8.0,992.0
139,2,139,1000.0,0.0,8.0,992.0
140,2,140,1000.0,0.0,8.0,992.0
141,2,141,1000.0,0.0,8.0,992.0
142,2,142,1000.0,0.0,8.0,992.0
143,2,143,1000.0,0.0,8.0,992.0
144,2,144,1000.0,0.0,8.0,992.0
145,2,145,1000.0,0.0,8.0,992.0
146,2,146,1000.0,0.0,8.0,992.0
147,2,147,1000.0,0.0,8.0,992.0
148,2,148,1000.0,0.0,8.0,992.0
149,2,149,1000.0,0.0,8.0,992.0
0,3,0,999.0,1.0,500.0,500.0
1,3,1,999.0,1.0,142.0,858.0
2,3,2,999.0,1.0,82.0,918.0
3,3,3,999.0,1.0,15.0,985.0
4,3,4,999.0,1.0,13.0,987.0
5,3,5,999.0,1.0,13.0,987.0
6,3,6,999.0,1.0,13.0,987.0
7,3,7,1000.0,0.0,13.0,987.0
8,3,8,1000.0,0.0,13.0,987.0
9,3,9,1000.0,0.0,13.0,987.0
10,3,10,1000.0,0.0,14.0,986.0
11,3,11,1000.0,0.0,13.0,987.0
12,3,12,1000.0,0.0,13.0,987.0
13,3,13,1000.0,0.0,13.0,987.0
14,3,14,1000.0,0.0,13.0,987.0
15,3,15,1000.0,0.0,13.0,987.0
16,3,16,1000.0,0.0,14.0,986.0
17,3,17,1000.0,0.0,13.0,987.0
18,3,18,1000.0,0.0,13.0,987.0
19,3,19,1000.0,0.0,13.0,987.0
20,3,20,1000.0,0.0,13.0,987.0
21,3,21,1000.0,0.0,13.0,987.0
22,3,22,1000.0,0.0,13.0,987.0
23,3,23,1000.0,0.0,13.0,987.0
24,3,24,1000.0,0.0,13.0,987.0
25,3,25,1000.0,0.0,13.0,987.0
26,3,26,1000.0,0.0,13.0,987.0
27,3,27,1000.0,0.0,13.0,987.0
28,3,28,1000.0,0.0,13.0,987.0
29,3,29,1000.0,0.0,13.0,987.0
30,3,30,1000.0,0.0,13.0,987.0
31,3,31,1000.0,0.0,13.0,987.0
32,3,32,1000.0,0.0,13.0,987.0
33,3,33,1000.0,0.0,13.0,987.0
34,3,34,1000.0,0.0,13.0,987.0
35,3,35,1000.0,0.0,13.0,987.0
36,3,36,1000.0,0.0,14.0,986.0
37,3,37,1000.0,0.0,13.0,987.0
38,3,38,1000.0,0.0,13.0,987.0
39,3,39,1000.0,0.0,13.0,987.0
40,3,40,1000.0,0.0,13.0,987.0
41,3,41,1000.0,0.0,13.0,987.0
42,3,42,1000.0,0.0,14.0,986.0
43,3,43,1000.0,0.0,13.0,987.0
44,3,44,1000.0,0.0,13.0,987.0
45,3,45,1000.0,0.0,13.0,987.0
46,3,46,1000.0,0.0,13.0,987.0
47,3,47,1000.0,0.0,13.0,987.0
48,3,48,1000.0,0.0,13.0,987.0
49,3,49,1000.0,0.0,13.0,987.0
50,3,50,1000.0,0.0,13.0,987.0
51,3,51,1000.0,0.0,13.0,987.0
52,3,52,1000.0,0.0,13.0,987.0
53,3,53,1000.0,0.0,13.0,987.0
54,3,54,1000.0,0.0,13.0,987.0
55,3,55,1000.0,0.0,13.0,987.0
56,3,56,1000.0,0.0,13.0,987.0
57,3,57,1000.0,0.0,13.0,987.0
58,3,58,1000.0,0.0,13.0,987.0
59,3,59,1000.0,0.0,14.0,986.0
60,3,60,1000.0,0.0,13.0,987.0
61,3,61,1000.0,0.0,13.0,987.0
62,3,62,1000.0,0.0,13.0,987.0
63,3,63,1000.0,0.0,13.0,987.0
64,3,64,1000.0,0.0,14.0,986.0
65,3,65,1000.0,0.0,13.0,987.0
66,3,66,1000.0,0.0,13.0,987.0
67,3,67,1000.0,0.0,13.0,987.0
68,3,68,1000.0,0.0,13.0,987.0
69,3,69,1000.0,0.0,13.0,987.0
70,3,70,1000.0,0.0,13.0,987.0
71,3,71,1000.0,0.0,13.0,987.0
72,3,72,1000.0,0.0,15.0,985.0
73,3,73,1000.0,0.0,13.0,987.0
74,3,74,1000.0,0.0,13.0,987.0
75,3,75,1000.0,0.0,13.0,987.0
76,3,76,1000.0,0.0,13.0,987.0
77,3,77,1000.0,0.0,13.0,987.0
78,3,78,1000.0,0.0,13.0,987.0
79,3,79,1000.0,0.0,13.0,987.0
80,3,80,1000.0,0.0,13.0,987.0
81,3,81,1000.0,0.0,13.0,987.0
82,3,82,1000.0,0.0,13.0,987.0
83,3,83,1000.0,0.0,14.0,986.0
84,3,84,1000.0,0.0,13.0,987.0
85,3,85,1000.0,0.0,13.0,987.0
86,3,86,1000.0,0.0,13.0,987.0
87,3,87,1000.0,0.0,13.0,987.0
88,3,88,1000.0,0.0,13.0,987.0
89,3,89,1000.0,0.0,13.0,987.0
90,3,90,1000.0,0.0,13.0,987.0
91,3,91,1000.0,0.0,13.0,987.0
92,3,92,1000.0,0.0,13.0,987.0
93,3,93,1000.0,0.0,13.0,987.0
94,3,94,1000.0,0.0,13.0,987.0
95,3,95,1000.0,0.0,13.0,987.0
96,3,96,1000.0,0.0,13.0,987.0
97,3,97,1000.0,0.0,13.0,987.0
98,3,98,1000.0,0.0,13.0,987.0
99,3,99,1000.0,0.0,13.0,987.0
100,3,100,1000.0,0.0,13.0,987.0
101,3,101,1000.0,0.0,13.0,987.0
102,3,102,1000.0,0.0,13.0,987.0
103,3,103,1000.0,0.0,13.0,987.0
104,3,104,1000.0,0.0,13.0,987.0
105,3,105,1000.0,0.0,13.0,987.0
106,3,106,1000.0,0.0,13.0,987.0
107,3,107,1000.0,0.0,13.0,987.0
108,3,108,1000.0,0.0,13.0,987.0
109,3,109,1000.0,0.0,13.0,987.0
110,3,110,1000.0,0.0,13.0,987.0
111,3,111,1000.0,0.0,13.0,987.0
112,3,112,1000.0,0.0,13.0,987.0
113,3,113,1000.0,0.0,13.0,987.0
114,3,114,1000.0,0.0,13.0,987.0
115,3,115,1000.0,0.0,13.0,987.0
116,3,116,1000.0,0.0,13.0,987.0
117,3,117,1000.0,0.0,13.0,987.0
118,3,118,1000.0,0.0,13.0,987.0
119,3,119,1000.0,0.0,13.0,987.0
120,3,120,1000.0,0.0,13.0,987.0
121,3,121,1000.0,0.0,13.0,987.0
122,3,122,1000.0,0.0,13.0,987.0
123,3,123,1000.0,0.0,13.0,987.0
124,3,124,1000.0,0.0,13.0,987.0
125,3,125,1000.0,0.0,13.0,987.0
126,3,126,1000.0,0.0,13.0,987.0
127,3,127,1000.0,0.0,13.0,987.0
128,3,128,1000.0,0.0,13.0,987.0
129,3,129,1000.0,0.0,14.0,986.0
130,3,130,1000.0,0.0,13.0,987.0
131,3,131,1000.0,0.0,13.0,987.0
132,3,132,1000.0,0.0,13.0,987.0
133,3,133,1000.0,0.0,13.0,987.0
134,3,134,1000.0,0.0,13.0,987.0
135,3,135,1000.0,0.0,13.0,987.0
136,3,136,1000.0,0.0,13.0,987.0
137,3,137,1000.0,0.0,13.0,987.0
138,3,138,1000.0,0.0,13.0,987.0
139,3,139,1000.0,0.0,13.0,987.0
140,3,140,1000.0,0.0,13.0,987.0
141,3,141,1000.0,0.0,13.0,987.0
142,3,142,1000.0,0.0,13.0,987.0
143,3,143,1000.0,0.0,13.0,987.0
144,3,144,1000.0,0.0,13.0,987.0
145,3,145,1000.0,0.0,13.0,987.0
146,3,146,1000.0,0.0,14.0,986.0
147,3,147,1000.0,0.0,14.0,986.0
148,3,148,1000.0,0.0,13.0,987.0
149,3,149,1000.0,0.0,13.0,987.0
0,4,0,999.0,1.0,500.0,500.0
1,4,1,999.0,1.0,249.0,751.0
2,4,2,999.0,1.0,99.0,901.0
3,4,3,999.0,1.0,26.0,974.0
4,4,4,999.0,1.0,21.0,979.0
5,4,5,999.0,1.0,15.0,985.0
6,4,6,999.0,1.0,15.0,985.0
7,4,7,1000.0,0.0,15.0,985.0
8,4,8,1000.0,0.0,15.0,985.0
9,4,9,1000.0,0.0,15.0,985.0
10,4,10,1000.0,0.0,15.0,985.0
11,4,11,1000.0,0.0,15.0,985.0
12,4,12,1000.0,0.0,15.0,985.0
13,4,13,1000.0,0.0,15.0,985.0
14,4,14,1000.0,0.0,15.0,985.0
15,4,15,1000.0,0.0,15.0,985.0
16,4,16,1000.0,0.0,15.0,985.0
17,4,17,1000.0,0.0,15.0,985.0
18,4,18,1000.0,0.0,15.0,985.0
19,4,19,1000.0,0.0,15.0,985.0
20,4,20,1000.0,0.0,15.0,985.0
21,4,21,1000.0,0.0,15.0,985.0
22,4,22,1000.0,0.0,15.0,985.0
23,4,23,1000.0,0.0,15.0,985.0
24,4,24,1000.0,0.0,16.0,984.0
25,4,25,1000.0,0.0,15.0,985.0
26,4,26,1000.0,0.0,15.0,985.0
27,4,27,1000.0,0.0,15.0,985.0
28,4,28,1000.0,0.0,15.0,985.0
29,4,29,1000.0,0.0,15.0,985.0
30,4,30,1000.0,0.0,15.0,985.0
31,4,31,1000.0,0.0,15.0,985.0
32,4,32,1000.0,0.0,15.0,985.0
33,4,33,1000.0,0.0,15.0,985.0
34,4,34,1000.0,0.0,15.0,985.0
35,4,35,1000.0,0.0,16.0,984.0
36,4,36,1000.0,0.0,15.0,985.0
37,4,37,1000.0,0.0,15.0,985.0
38,4,38,1000.0,0.0,15.0,985.0
39,4,39,1000.0,0.0,15.0,985.0
40,4,40,1000.0,0.0,15.0,985.0
41,4,41,1000.0,0.0,15.0,985.0
42,4,42,1000.0,0.0,15.0,985.0
43,4,43,1000.0,0.0,15.0,985.0
44,4,44,1000.0,0.0,16.0,984.0
45,4,45,1000.0,0.0,15.0,985.0
46,4,46,1000.0,0.0,15.0,985.0
47,4,47,1000.0,0.0,15.0,985.0
48,4,48,1000.0,0.0,15.0,985.0
49,4,49,1000.0,0.0,15.0,985.0
50,4,50,1000.0,0.0,15.0,985.0
51,4,51,1000.0,0.0,15.0,985.0
52,4,52,1000.0,0.0,15.0,985.0
53,4,53,1000.0,0.0,15.0,985.0
54,4,54,1000.0,0.0,15.0,985.0
55,4,55,1000.0,0.0,15.0,985.0
56,4,56,1000.0,0.0,15.0,985.0
57,4,57,1000.0,0.0,15.0,985.0
58,4,58,1000.0,0.0,15.0,985.0
59,4,59,1000.0,0.0,15.0,985.0
60,4,60,1000.0,0.0,15.0,985.0
61,4,61,1000.0,0.0,15.0,985.0
62,4,62,1000.0,0.0,15.0,985.0
63,4,63,1000.0,0.0,15.0,985.0
64,4,64,1000.0,0.0,15.0,985.0
65,4,65,1000.0,0.0,16.0,984.0
66,4,66,1000.0,0.0,15.0,985.0
67,4,67,1000.0,0.0,15.0,985.0
68,4,68,1000.0,0.0,15.0,985.0
69,4,69,1000.0,0.0,15.0,985.0
70,4,70,1000.0,0.0,15.0,985.0
71,4,71,1000.0,0.0,15.0,985.0
72,4,72,1000.0,0.0,15.0,985.0
73,4,73,1000.0,0.0,15.0,985.0
74,4,74,1000.0,0.0,15.0,985.0
75,4,75,1000.0,0.0,15.0,985.0
76,4,76,1000.0,0.0,15.0,985.0
77,4,77,1000.0,0.0,15.0,985.0
78,4,78,1000.0,0.0,15.0,985.0
79,4,79,1000.0,0.0,15.0,985.0
80,4,80,1000.0,0.0,15.0,985.0
81,4,81,1000.0,0.0,15.0,985.0
82,4,82,1000.0,0.0,15.0,985.0
83,4,83,1000.0,0.0,16.0,984.0
84,4,84,1000.0,0.0,15.0,985.0
85,4,85,1000.0,0.0,15.0,985.0
86,4,86,1000.0,0.0,15.0,985.0
87,4,87,1000.0,0.0,15.0,985.0
88,4,88,1000.0,0.0,15.0,985.0
89,4,89,1000.0,0.0,15.0,985.0
90,4,90,1000.0,0.0,15.0,985.0
91,4,91,1000.0,0.0,15.0,985.0
92,4,92,1000.0,0.0,15.0,985.0
93,4,93,1000.0,0.0,15.0,985.0
94,4,94,1000.0,0.0,15.0,985.0
95,4,95,1000.0,0.0,15.0,985.0
96,4,96,1000.0,0.0,15.0,985.0
97,4,97,1000.0,0.0,15.0,985.0
98,4,98,1000.0,0.0,15.0,985.0
99,4,99,1000.0,0.0,15.0,985.0
100,4,100,1000.0,0.0,15.0,985.0
101,4,101,1000.0,0.0,15.0,985.0
102,4,102,1000.0,0.0,15.0,985.0
103,4,103,1000.0,0.0,15.0,985.0
104,4,104,1000.0,0.0,15.0,985.0
105,4,105,1000.0,0.0,15.0,985.0
106,4,106,1000.0,0.0,15.0,985.0
107,4,107,1000.0,0.0,15.0,985.0
108,4,108,1000.0,0.0,15.0,985.0
109,4,109,1000.0,0.0,15.0,985.0
110,4,110,1000.0,0.0,16.0,984.0
111,4,111,1000.0,0.0,15.0,985.0
112,4,112,1000.0,0.0,15.0,985.0
113,4,113,1000.0,0.0,16.0,984.0
114,4,114,1000.0,0.0,15.0,985.0
115,4,115,1000.0,0.0,15.0,985.0
116,4,116,1000.0,0.0,15.0,985.0
117,4,117,1000.0,0.0,15.0,985.0
118,4,118,1000.0,0.0,15.0,985.0
119,4,119,1000.0,0.0,15.0,985.0
120,4,120,1000.0,0.0,15.0,985.0
121,4,121,1000.0,0.0,15.0,985.0
122,4,122,1000.0,0.0,15.0,985.0
123,4,123,1000.0,0.0,15.0,985.0
124,4,124,1000.0,0.0,15.0,985.0
125,4,125,1000.0,0.0,15.0,985.0
126,4,126,1000.0,0.0,15.0,985.0
127,4,127,1000.0,0.0,15.0,985.0
128,4,128,1000.0,0.0,15.0,985.0
129,4,129,1000.0,0.0,15.0,985.0
130,4,130,1000.0,0.0,15.0,985.0
131,4,131,1000.0,0.0,15.0,985.0
132,4,132,1000.0,0.0,15.0,985.0
133,4,133,1000.0,0.0,15.0,985.0
134,4,134,1000.0,0.0,15.0,985.0
135,4,135,1000.0,0.0,15.0,985.0
136,4,136,1000.0,0.0,15.0,985.0
137,4,137,1000.0,0.0,15.0,985.0
138,4,138,1000.0,0.0,15.0,985.0
139,4,139,1000.0,0.0,15.0,985.0
140,4,140,1000.0,0.0,15.0,985.0
141,4,141,1000.0,0.0,15.0,985.0
142,4,142,1000.0,0.0,15.0,985.0
143,4,143,1000.0,0.0,15.0,985.0
144,4,144,1000.0,0.0,15.0,985.0
145,4,145,1000.0,0.0,15.0,985.0
146,4,146,1000.0,0.0,15.0,985.0
147,4,147,1000.0,0.0,15.0,985.0
148,4,148,1000.0,0.0,15.0,985.0
149,4,149,1000.0,0.0,15.0,985.0
0,5,0,999.0,1.0,500.0,500.0
1,5,1,999.0,1.0,566.0,434.0
2,5,2,999.0,1.0,41.0,959.0
3,5,3,999.0,1.0,11.0,989.0
4,5,4,999.0,1.0,0.0,1000.0
5,5,5,999.0,1.0,0.0,1000.0
6,5,6,999.0,1.0,0.0,1000.0
7,5,7,1000.0,0.0,0.0,1000.0
8,5,8,1000.0,0.0,0.0,1000.0
9,5,9,1000.0,0.0,0.0,1000.0
10,5,10,1000.0,0.0,0.0,1000.0
11,5,11,1000.0,0.0,0.0,1000.0
12,5,12,1000.0,0.0,0.0,1000.0
13,5,13,1000.0,0.0,0.0,1000.0
14,5,14,1000.0,0.0,0.0,1000.0
15,5,15,1000.0,0.0,0.0,1000.0
16,5,16,1000.0,0.0,0.0,1000.0
17,5,17,1000.0,0.0,0.0,1000.0
18,5,18,1000.0,0.0,0.0,1000.0
19,5,19,1000.0,0.0,0.0,1000.0
20,5,20,1000.0,0.0,0.0,1000.0
21,5,21,1000.0,0.0,0.0,1000.0
22,5,22,1000.0,0.0,0.0,1000.0
23,5,23,1000.0,0.0,0.0,1000.0
24,5,24,1000.0,0.0,0.0,1000.0
25,5,25,1000.0,0.0,0.0,1000.0
26,5,26,1000.0,0.0,0.0,1000.0
27,5,27,1000.0,0.0,0.0,1000.0
28,5,28,1000.0,0.0,0.0,1000.0
29,5,29,1000.0,0.0,0.0,1000.0
30,5,30,1000.0,0.0,0.0,1000.0
31,5,31,1000.0,0.0,0.0,1000.0
32,5,32,1000.0,0.0,0.0,1000.0
33,5,33,1000.0,0.0,0.0,1000.0
34,5,34,1000.0,0.0,0.0,1000.0
35,5,35,1000.0,0.0,0.0,1000.0
36,5,36,1000.0,0.0,0.0,1000.0
37,5,37,1000.0,0.0,0.0,1000.0
38,5,38,1000.0,0.0,0.0,1000.0
39,5,39,1000.0,0.0,0.0,1000.0
40,5,40,1000.0,0.0,0.0,1000.0
41,5,41,1000.0,0.0,0.0,1000.0
42,5,42,1000.0,0.0,0.0,1000.0
43,5,43,1000.0,0.0,0.0,1000.0
44,5,44,1000.0,0.0,0.0,1000.0
45,5,45,1000.0,0.0,0.0,1000.0
46,5,46,1000.0,0.0,0.0,1000.0
47,5,47,1000.0,0.0,0.0,1000.0
48,5,48,1000.0,0.0,0.0,1000.0
49,5,49,1000.0,0.0,0.0,1000.0
50,5,50,1000.0,0.0,0.0,1000.0
51,5,51,1000.0,0.0,0.0,1000.0
52,5,52,1000.0,0.0,0.0,1000.0
53,5,53,1000.0,0.0,0.0,1000.0
54,5,54,1000.0,0.0,0.0,1000.0
55,5,55,1000.0,0.0,0.0,1000.0
56,5,56,1000.0,0.0,0.0,1000.0
57,5,57,1000.0,0.0,0.0,1000.0
58,5,58,1000.0,0.0,0.0,1000.0
59,5,59,1000.0,0.0,0.0,1000.0
60,5,60,1000.0,0.0,0.0,1000.0
61,5,61,1000.0,0.0,0.0,1000.0
62,5,62,1000.0,0.0,0.0,1000.0
63,5,63,1000.0,0.0,0.0,1000.0
64,5,64,1000.0,0.0,0.0,1000.0
65,5,65,1000.0,0.0,0.0,1000.0
66,5,66,1000.0,0.0,0.0,1000.0
67,5,67,1000.0,0.0,0.0,1000.0
68,5,68,1000.0,0.0,0.0,1000.0
69,5,69,1000.0,0.0,0.0,1000.0
70,5,70,1000.0,0.0,0.0,1000.0
71,5,71,1000.0,0.0,0.0,1000.0
72,5,72,1000.0,0.0,0.0,1000.0
73,5,73,1000.0,0.0,0.0,1000.0
74,5,74,1000.0,0.0,0.0,1000.0
75,5,75,1000.0,0.0,0.0,1000.0
76,5,76,1000.0,0.0,0.0,1000.0
77,5,77,1000.0,0.0,0.0,1000.0
78,5,78,1000.0,0.0,0.0,1000.0
79,5,79,1000.0,0.0,0.0,1000.0
80,5,80,1000.0,0.0,0.0,1000.0
81,5,81,1000.0,0.0,0.0,1000.0
82,5,82,1000.0,0.0,0.0,1000.0
83,5,83,1000.0,0.0,0.0,1000.0
84,5,84,1000.0,0.0,0.0,1000.0
85,5,85,1000.0,0.0,0.0,1000.0
86,5,86,1000.0,0.0,0.0,1000.0
87,5,87,1000.0,0.0,0.0,1000.0
88,5,88,1000.0,0.0,0.0,1000.0
89,5,89,1000.0,0.0,0.0,1000.0
90,5,90,1000.0,0.0,0.0,1000.0
91,5,91,1000.0,0.0,0.0,1000.0
92,5,92,1000.0,0.0,0.0,1000.0
93,5,93,1000.0,0.0,0.0,1000.0
94,5,94,1000.0,0.0,0.0,1000.0
95,5,95,1000.0,0.0,0.0,1000.0
96,5,96,1000.0,0.0,0.0,1000.0
97,5,97,1000.0,0.0,0.0,1000.0
98,5,98,1000.0,0.0,0.0,1000.0
99,5,99,1000.0,0.0,0.0,1000.0
100,5,100,1000.0,0.0,0.0,1000.0
101,5,101,1000.0,0.0,0.0,1000.0
102,5,102,1000.0,0.0,0.0,1000.0
103,5,103,1000.0,0.0,0.0,1000.0
104,5,104,1000.0,0.0,0.0,1000.0
105,5,105,1000.0,0.0,0.0,1000.0
106,5,106,1000.0,0.0,0.0,1000.0
107,5,107,1000.0,0.0,0.0,1000.0
108,5,108,1000.0,0.0,0.0,1000.0
109,5,109,1000.0,0.0,0.0,1000.0
110,5,110,1000.0,0.0,0.0,1000.0
111,5,111,1000.0,0.0,0.0,1000.0
112,5,112,1000.0,0.0,0.0,1000.0
113,5,113,1000.0,0.0,0.0,1000.0
114,5,114,1000.0,0.0,0.0,1000.0
115,5,115,1000.0,0.0,0.0,1000.0
116,5,116,1000.0,0.0,0.0,1000.0
117,5,117,1000.0,0.0,0.0,1000.0
118,5,118,1000.0,0.0,0.0,1000.0
119,5,119,1000.0,0.0,0.0,1000.0
120,5,120,1000.0,0.0,0.0,1000.0
121,5,121,1000.0,0.0,0.0,1000.0
122,5,122,1000.0,0.0,0.0,1000.0
123,5,123,1000.0,0.0,0.0,1000.0
124,5,124,1000.0,0.0,0.0,1000.0
125,5,125,1000.0,0.0,0.0,1000.0
126,5,126,1000.0,0.0,0.0,1000.0
127,5,127,1000.0,0.0,0.0,1000.0
128,5,128,1000.0,0.0,0.0,1000.0
129,5,129,1000.0,0.0,0.0,1000.0
130,5,130,1000.0,0.0,0.0,1000.0
131,5,131,1000.0,0.0,0.0,1000.0
132,5,132,1000.0,0.0,0.0,1000.0
133,5,133,1000.0,0.0,0.0,1000.0
134,5,134,1000.0,0.0,0.0,1000.0
135,5,135,1000.0,0.0,0.0,1000.0
136,5,136,1000.0,0.0,0.0,1000.0
137,5,137,1000.0,0.0,0.0,1000.0
138,5,138,1000.0,0.0,0.0,1000.0
139,5,139,1000.0,0.0,0.0,1000.0
140,5,140,1000.0,0.0,0.0,1000.0
141,5,141,1000.0,0.0,0.0,1000.0
142,5,142,1000.0,0.0,0.0,1000.0
143,5,143,1000.0,0.0,0.0,1000.0
144,5,144,1000.0,0.0,0.0,1000.0
145,5,145,1000.0,0.0,0.0,1000.0
146,5,146,1000.0,0.0,0.0,1000.0
147,5,147,1000.0,0.0,0.0,1000.0
148,5,148,1000.0,0.0,0.0,1000.0
149,5,149,1000.0,0.0,0.0,1000.0
0,6,0,999.0,1.0,500.0,500.0
1,6,1,999.0,1.0,618.0,382.0
2,6,2,999.0,1.0,73.0,927.0
3,6,3,999.0,1.0,20.0,980.0
4,6,4,999.0,1.0,8.0,992.0
5,6,5,999.0,1.0,4.0,996.0
6,6,6,999.0,1.0,4.0,996.0
7,6,7,1000.0,0.0,4.0,996.0
8,6,8,1000.0,0.0,4.0,996.0
9,6,9,1000.0,0.0,4.0,996.0
10,6,10,1000.0,0.0,4.0,996.0
11,6,11,1000.0,0.0,4.0,996.0
12,6,12,1000.0,0.0,4.0,996.0
13,6,13,1000.0,0.0,4.0,996.0
14,6,14,1000.0,0.0,4.0,996.0
15,6,15,1000.0,0.0,4.0,996.0
16,6,16,1000.0,0.0,4.0,996.0
17,6,17,1000.0,0.0,4.0,996.0
18,6,18,1000.0,0.0,4.0,996.0
19,6,19,1000.0,0.0,4.0,996.0
20,6,20,1000.0,0.0,4.0,996.0
21,6,21,1000.0,0.0,4.0,996.0
22,6,22,1000.0,0.0,4.0,996.0
23,6,23,1000.0,0.0,4.0,996.0
24,6,24,1000.0,0.0,4.0,996.0
25,6,25,1000.0,0.0,4.0,996.0
26,6,26,1000.0,0.0,4.0,996.0
27,6,27,1000.0,0.0,4.0,996.0
28,6,28,1000.0,0.0,4.0,996.0
29,6,29,1000.0,0.0,4.0,996.0
30,6,30,1000.0,0.0,4.0,996.0
31,6,31,1000.0,0.0,4.0,996.0
32,6,32,1000.0,0.0,4.0,996.0
33,6,33,1000.0,0.0,4.0,996.0
34,6,34,1000.0,0.0,4.0,996.0
35,6,35,1000.0,0.0,4.0,996.0
36,6,36,1000.0,0.0,4.0,996.0
37,6,37,1000.0,0.0,4.0,996.0
38,6,38,1000.0,0.0,4.0,996.0
39,6,39,1000.0,0.0,4.0,996.0
40,6,40,1000.0,0.0,4.0,996.0
41,6,41,1000.0,0.0,4.0,996.0
42,6,42,1000.0,0.0,4.0,996.0
43,6,43,1000.0,0.0,4.0,996.0
44,6,44,1000.0,0.0,4.0,996.0
45,6,45,1000.0,0.0,4.0,996.0
46,6,46,1000.0,0.0,4.0,996.0
47,6,47,1000.0,0.0,4.0,996.0
48,6,48,1000.0,0.0,4.0,996.0
49,6,49,1000.0,0.0,4.0,996.0
50,6,50,1000.0,0.0,4.0,996.0
51,6,51,1000.0,0.0,4.0,996.0
52,6,52,1000.0,0.0,4.0,996.0
53,6,53,1000.0,0.0,4.0,996.0
54,6,54,1000.0,0.0,4.0,996.0
55,6,55,1000.0,0.0,4.0,996.0
56,6,56,1000.0,0.0,4.0,996.0
57,6,57,1000.0,0.0,4.0,996.0
58,6,58,1000.0,0.0,4.0,996.0
59,6,59,1000.0,0.0,4.0,996.0
60,6,60,1000.0,0.0,4.0,996.0
61,6,61,1000.0,0.0,4.0,996.0
62,6,62,1000.0,0.0,4.0,996.0
63,6,63,1000.0,0.0,4.0,996.0
64,6,64,1000.0,0.0,4.0,996.0
65,6,65,1000.0,0.0,4.0,996.0
66,6,66,1000.0,0.0,4.0,996.0
67,6,67,1000.0,0.0,4.0,996.0
68,6,68,1000.0,0.0,4.0,996.0
69,6,69,1000.0,0.0,4.0,996.0
70,6,70,1000.0,0.0,4.0,996.0
71,6,71,1000.0,0.0,4.0,996.0
72,6,72,1000.0,0.0,4.0,996.0
73,6,73,1000.0,0.0,4.0,996.0
74,6,74,1000.0,0.0,4.0,996.0
75,6,75,1000.0,0.0,4.0,996.0
76,6,76,1000.0,0.0,4.0,996.0
77,6,77,1000.0,0.0,4.0,996.0
78,6,78,1000.0,0.0,4.0,996.0
79,6,79,1000.0,0.0,4.0,996.0
80,6,80,1000.0,0.0,4.0,996.0
81,6,81,1000.0,0.0,4.0,996.0
82,6,82,1000.0,0.0,4.0,996.0
83,6,83,1000.0,0.0,4.0,996.0
84,6,84,1000.0,0.0,4.0,996.0
85,6,85,1000.0,0.0,4.0,996.0
86,6,86,1000.0,0.0,4.0,996.0
87,6,87,1000.0,0.0,4.0,996.0
88,6,88,1000.0,0.0,4.0,996.0
89,6,89,1000.0,0.0,4.0,996.0
90,6,90,1000.0,0.0,4.0,996.0
91,6,91,1000.0,0.0,4.0,996.0
92,6,92,1000.0,0.0,4.0,996.0
93,6,93,1000.0,0.0,4.0,996.0
94,6,94,1000.0,0.0,4.0,996.0
95,6,95,1000.0,0.0,4.0,996.0
96,6,96,1000.0,0.0,4.0,996.0
97,6,97,1000.0,0.0,4.0,996.0
98,6,98,1000.0,0.0,4.0,996.0
99,6,99,1000.0,0.0,4.0,996.0
100,6,100,1000.0,0.0,4.0,996.0
101,6,101,1000.0,0.0,4.0,996.0
102,6,102,1000.0,0.0,4.0,996.0
103,6,103,1000.0,0.0,4.0,996.0
104,6,104,1000.0,0.0,4.0,996.0
105,6,105,1000.0,0.0,4.0,996.0
106,6,106,1000.0,0.0,4.0,996.0
107,6,107,1000.0,0.0,4.0,996.0
108,6,108,1000.0,0.0,4.0,996.0
109,6,109,1000.0,0.0,4.0,996.0
110,6,110,1000.0,0.0,4.0,996.0
111,6,111,1000.0,0.0,4.0,996.0
112,6,112,1000.0,0.0,4.0,996.0
113,6,113,1000.0,0.0,4.0,996.0
114,6,114,1000.0,0.0,4.0,996.0
115,6,115,1000.0,0.0,4.0,996.0
116,6,116,1000.0,0.0,4.0,996.0
117,6,117,1000.0,0.0,4.0,996.0
118,6,118,1000.0,0.0,4.0,996.0
119,6,119,1000.0,0.0,4.0,996.0
120,6,120,1000.0,0.0,4.0,996.0
121,6,121,1000.0,0.0,4.0,996.0
122,6,122,1000.0,0.0,4.0,996.0
123,6,123,1000.0,0.0,4.0,996.0
124,6,124,1000.0,0.0,4.0,996.0
125,6,125,1000.0,0.0,4.0,996.0
126,6,126,1000.0,0.0,4.0,996.0
127,6,127,1000.0,0.0,4.0,996.0
128,6,128,1000.0,0.0,4.0,996.0
129,6,129,1000.0,0.0,4.0,996.0
130,6,130,1000.0,0.0,4.0,996.0
131,6,131,1000.0,0.0,4.0,996.0
132,6,132,1000.0,0.0,4.0,996.0
133,6,133,1000.0,0.0,4.0,996.0
134,6,134,1000.0,0.0,4.0,996.0
135,6,135,1000.0,0.0,4.0,996.0
136,6,136,1000.0,0.0,4.0,996.0
137,6,137,1000.0,0.0,4.0,996.0
138,6,138,1000.0,0.0,4.0,996.0
139,6,139,1000.0,0.0,4.0,996.0
140,6,140,1000.0,0.0,4.0,996.0
141,6,141,1000.0,0.0,4.0,996.0
142,6,142,1000.0,0.0,4.0,996.0
143,6,143,1000.0,0.0,4.0,996.0
144,6,144,1000.0,0.0,4.0,996.0
145,6,145,1000.0,0.0,4.0,996.0
146,6,146,1000.0,0.0,4.0,996.0
147,6,147,1000.0,0.0,4.0,996.0
148,6,148,1000.0,0.0,4.0,996.0
149,6,149,1000.0,0.0,4.0,996.0
0,7,0,999.0,1.0,500.0,500.0
1,7,1,999.0,1.0,144.0,856.0
2,7,2,999.0,1.0,75.0,925.0
3,7,3,999.0,1.0,10.0,990.0
4,7,4,999.0,1.0,2.0,998.0
5,7,5,999.0,1.0,2.0,998.0
6,7,6,999.0,1.0,2.0,998.0
7,7,7,1000.0,0.0,2.0,998.0
8,7,8,1000.0,0.0,2.0,998.0
9,7,9,1000.0,0.0,2.0,998.0
10,7,10,1000.0,0.0,2.0,998.0
11,7,11,1000.0,0.0,2.0,998.0
12,7,12,1000.0,0.0,2.0,998.0
13,7,13,1000.0,0.0,2.0,998.0
14,7,14,1000.0,0.0,2.0,998.0
15,7,15,1000.0,0.0,2.0,998.0
16,7,16,1000.0,0.0,2.0,998.0
17,7,17,1000.0,0.0,2.0,998.0
18,7,18,1000.0,0.0,2.0,998.0
19,7,19,1000.0,0.0,2.0,998.0
20,7,20,1000.0,0.0,2.0,998.0
21,7,21,1000.0,0.0,2.0,998.0
22,7,22,1000.0,0.0,2.0,998.0
23,7,23,1000.0,0.0,2.0,998.0
24,7,24,1000.0,0.0,2.0,998.0
25,7,25,1000.0,0.0,2.0,998.0
26,7,26,1000.0,0.0,2.0,998.0
27,7,27,1000.0,0.0,2.0,998.0
28,7,28,1000.0,0.0,2.0,998.0
29,7,29,1000.0,0.0,2.0,998.0
30,7,30,1000.0,0.0,2.0,998.0
31,7,31,1000.0,0.0,2.0,998.0
32,7,32,1000.0,0.0,2.0,998.0
33,7,33,1000.0,0.0,2.0,998.0
34,7,34,1000.0,0.0,2.0,998.0
35,7,35,1000.0,0.0,2.0,998.0
36,7,36,1000.0,0.0,2.0,998.0
37,7,37,1000.0,0.0,2.0,998.0
38,7,38,1000.0,0.0,2.0,998.0
39,7,39,1000.0,0.0,2.0,998.0
40,7,40,1000.0,0.0,2.0,998.0
41,7,41,1000.0,0.0,2.0,998.0
42,7,42,1000.0,0.0,2.0,998.0
43,7,43,1000.0,0.0,2.0,998.0
44,7,44,1000.0,0.0,2.0,998.0
45,7,45,1000.0,0.0,2.0,998.0
46,7,46,1000.0,0.0,2.0,998.0
47,7,47,1000.0,0.0,2.0,998.0
48,7,48,1000.0,0.0,2.0,998.0
49,7,49,1000.0,0.0,2.0,998.0
50,7,50,1000.0,0.0,2.0,998.0
51,7,51,1000.0,0.0,2.0,998.0
52,7,52,1000.0,0.0,2.0,998.0
53,7,53,1000.0,0.0,2.0,998.0
54,7,54,1000.0,0.0,2.0,998.0
55,7,55,1000.0,0.0,2.0,998.0
56,7,56,1000.0,0.0,2.0,998.0
57,7,57,1000.0,0.0,2.0,998.0
58,7,58,1000.0,0.0,2.0,998.0
59,7,59,1000.0,0.0,2.0,998.0
60,7,60,1000.0,0.0,2.0,998.0
61,7,61,1000.0,0.0,2.0,998.0
62,7,62,1000.0,0.0,2.0,998.0
63,7,63,1000.0,0.0,2.0,998.0
64,7,64,1000.0,0.0,2.0,998.0
65,7,65,1000.0,0.0,2.0,998.0
66,7,66,1000.0,0.0,2.0,998.0
67,7,67,1000.0,0.0,2.0,998.0
68,7,68,1000.0,0.0,2.0,998.0
69,7,69,1000.0,0.0,2.0,998.0
70,7,70,1000.0,0.0,2.0,998.0
71,7,71,1000.0,0.0,2.0,998.0
72,7,72,1000.0,0.0,2.0,998.0
73,7,73,1000.0,0.0,2.0,998.0
74,7,74,1000.0,0.0,2.0,998.0
75,7,75,1000.0,0.0,2.0,998.0
76,7,76,1000.0,0.0,2.0,998.0
77,7,77,1000.0,0.0,2.0,998.0
78,7,78,1000.0,0.0,2.0,998.0
79,7,79,1000.0,0.0,2.0,998.0
80,7,80,1000.0,0.0,2.0,998.0
81,7,81,1000.0,0.0,2.0,998.0
82,7,82,1000.0,0.0,2.0,998.0
83,7,83,1000.0,0.0,2.0,998.0
84,7,84,1000.0,0.0,2.0,998.0
85,7,85,1000.0,0.0,2.0,998.0
86,7,86,1000.0,0.0,2.0,998.0
87,7,87,1000.0,0.0,2.0,998.0
88,7,88,1000.0,0.0,2.0,998.0
89,7,89,1000.0,0.0,2.0,998.0
90,7,90,1000.0,0.0,2.0,998.0
91,7,91,1000.0,0.0,2.0,998.0
92,7,92,1000.0,0.0,2.0,998.0
93,7,93,1000.0,0.0,2.0,998.0
94,7,94,1000.0,0.0,2.0,998.0
95,7,95,1000.0,0.0,2.0,998.0
96,7,96,1000.0,0.0,2.0,998.0
97,7,97,1000.0,0.0,2.0,998.0
98,7,98,1000.0,0.0,2.0,998.0
99,7,99,1000.0,0.0,2.0,998.0
100,7,100,1000.0,0.0,2.0,998.0
101,7,101,1000.0,0.0,2.0,998.0
102,7,102,1000.0,0.0,2.0,998.0
103,7,103,1000.0,0.0,2.0,998.0
104,7,104,1000.0,0.0,2.0,998.0
105,7,105,1000.0,0.0,2.0,998.0
106,7,106,1000.0,0.0,2.0,998.0
107,7,107,1000.0,0.0,2.0,998.0
108,7,108,1000.0,0.0,2.0,998.0
109,7,109,1000.0,0.0,2.0,998.0
110,7,110,1000.0,0.0,2.0,998.0
111,7,111,1000.0,0.0,2.0,998.0
112,7,112,1000.0,0.0,2.0,998.0
113,7,113,1000.0,0.0,2.0,998.0
114,7,114,1000.0,0.0,2.0,998.0
115,7,115,1000.0,0.0,2.0,998.0
116,7,116,1000.0,0.0,2.0,998.0
117,7,117,1000.0,0.0,2.0,998.0
118,7,118,1000.0,0.0,2.0,998.0
119,7,119,1000.0,0.0,2.0,998.0
120,7,120,1000.0,0.0,2.0,998.0
121,7,121,1000.0,0.0,2.0,998.0
122,7,122,1000.0,0.0,2.0,998.0
123,7,123,1000.0,0.0,2.0,998.0
124,7,124,1000.0,0.0,2.0,998.0
125,7,125,1000.0,0.0,2.0,998.0
126,7,126,1000.0,0.0,2.0,998.0
127,7,127,1000.0,0.0,2.0,998.0
128,7,128,1000.0,0.0,2.0,998.0
129,7,129,1000.0,0.0,2.0,998.0
130,7,130,1000.0,0.0,2.0,998.0
131,7,131,1000.0,0.0,2.0,998.0
132,7,132,1000.0,0.0,2.0,998.0
133,7,133,1000.0,0.0,2.0,998.0
134,7,134,1000.0,0.0,2.0,998.0
135,7,135,1000.0,0.0,2.0,998.0
136,7,136,1000.0,0.0,2.0,998.0
137,7,137,1000.0,0.0,2.0,998.0
138,7,138,1000.0,0.0,2.0,998.0
139,7,139,1000.0,0.0,2.0,998.0
140,7,140,1000.0,0.0,2.0,998.0
141,7,141,1000.0,0.0,2.0,998.0
142,7,142,1000.0,0.0,2.0,998.0
143,7,143,1000.0,0.0,2.0,998.0
144,7,144,1000.0,0.0,2.0,998.0
145,7,145,1000.0,0.0,2.0,998.0
146,7,146,1000.0,0.0,2.0,998.0
147,7,147,1000.0,0.0,2.0,998.0
148,7,148,1000.0,0.0,2.0,998.0
149,7,149,1000.0,0.0,2.0,998.0
0,8,0,999.0,1.0,500.0,500.0
1,8,1,999.0,1.0,209.0,791.0
2,8,2,999.0,1.0,162.0,838.0
3,8,3,999.0,1.0,88.0,912.0
4,8,4,999.0,1.0,17.0,983.0
5,8,5,999.0,1.0,11.0,989.0
6,8,6,999.0,1.0,10.0,990.0
7,8,7,1000.0,0.0,10.0,990.0
8,8,8,1000.0,0.0,10.0,990.0
9,8,9,1000.0,0.0,10.0,990.0
10,8,10,1000.0,0.0,10.0,990.0
11,8,11,1000.0,0.0,10.0,990.0
12,8,12,1000.0,0.0,10.0,990.0
13,8,13,1000.0,0.0,10.0,990.0
14,8,14,1000.0,0.0,10.0,990.0
15,8,15,1000.0,0.0,10.0,990.0
16,8,16,1000.0,0.0,10.0,990.0
17,8,17,1000.0,0.0,10.0,990.0
18,8,18,1000.0,0.0,10.0,990.0
19,8,19,1000.0,0.0,10.0,990.0
20,8,20,1000.0,0.0,10.0,990.0
21,8,21,1000.0,0.0,10.0,990.0
22,8,22,1000.0,0.0,10.0,990.0
23,8,23,1000.0,0.0,10.0,990.0
24,8,24,1000.0,0.0,10.0,990.0
25,8,25,1000.0,0.0,10.0,990.0
26,8,26,1000.0,0.0,10.0,990.0
27,8,27,1000.0,0.0,10.0,990.0
28,8,28,1000.0,0.0,10.0,990.0
29,8,29,1000.0,0.0,10.0,990.0
30,8,30,1000.0,0.0,10.0,990.0
31,8,31,1000.0,0.0,10.0,990.0
32,8,32,1000.0,0.0,10.0,990.0
33,8,33,1000.0,0.0,10.0,990.0
34,8,34,1000.0,0.0,10.0,990.0
35,8,35,1000.0,0.0,10.0,990.0
36,8,36,1000.0,0.0,10.0,990.0
37,8,37,1000.0,0.0,10.0,990.0
38,8,38,1000.0,0.0,10.0,990.0
39,8,39,1000.0,0.0,10.0,990.0
40,8,40,1000.0,0.0,10.0,990.0
41,8,41,1000.0,0.0,10.0,990.0
42,8,42,1000.0,0.0,10.0,990.0
43,8,43,1000.0,0.0,10.0,990.0
44,8,44,1000.0,0.0,10.0,990.0
45,8,45,1000.0,0.0,10.0,990.0
46,8,46,1000.0,0.0,10.0,990.0
47,8,47,1000.0,0.0,10.0,990.0
48,8,48,1000.0,0.0,10.0,990.0
49,8,49,1000.0,0.0,10.0,990.0
50,8,50,1000.0,0.0,10.0,990.0
51,8,51,1000.0,0.0,10.0,990.0
52,8,52,1000.0,0.0,10.0,990.0
53,8,53,1000.0,0.0,10.0,990.0
54,8,54,1000.0,0.0,10.0,990.0
55,8,55,1000.0,0.0,10.0,990.0
56,8,56,1000.0,0.0,10.0,990.0
57,8,57,1000.0,0.0,10.0,990.0
58,8,58,1000.0,0.0,10.0,990.0
59,8,59,1000.0,0.0,10.0,990.0
60,8,60,1000.0,0.0,10.0,990.0
61,8,61,1000.0,0.0,10.0,990.0
62,8,62,1000.0,0.0,10.0,990.0
63,8,63,1000.0,0.0,10.0,990.0
64,8,64,1000.0,0.0,10.0,990.0
65,8,65,1000.0,0.0,10.0,990.0
66,8,66,1000.0,0.0,10.0,990.0
67,8,67,1000.0,0.0,10.0,990.0
68,8,68,1000.0,0.0,10.0,990.0
69,8,69,1000.0,0.0,10.0,990.0
70,8,70,1000.0,0.0,10.0,990.0
71,8,71,1000.0,0.0,10.0,990.0
72,8,72,1000.0,0.0,10.0,990.0
73,8,73,1000.0,0.0,10.0,990.0
74,8,74,1000.0,0.0,10.0,990.0
75,8,75,1000.0,0.0,10.0,990.0
76,8,76,1000.0,0.0,10.0,990.0
77,8,77,1000.0,0.0,10.0,990.0
78,8,78,1000.0,0.0,10.0,990.0
79,8,79,1000.0,0.0,10.0,990.0
80,8,80,1000.0,0.0,10.0,990.0
81,8,81,1000.0,0.0,10.0,990.0
82,8,82,1000.0,0.0,10.0,990.0
83,8,83,1000.0,0.0,10.0,990.0
84,8,84,1000.0,0.0,10.0,990.0
85,8,85,1000.0,0.0,10.0,990.0
86,8,86,1000.0,0.0,10.0,990.0
87,8,87,1000.0,0.0,10.0,990.0
88,8,88,1000.0,0.0,10.0,990.0
89,8,89,1000.0,0.0,10.0,990.0
90,8,90,1000.0,0.0,10.0,990.0
91,8,91,1000.0,0.0,10.0,990.0
92,8,92,1000.0,0.0,10.0,990.0
93,8,93,1000.0,0.0,10.0,990.0
94,8,94,1000.0,0.0,10.0,990.0
95,8,95,1000.0,0.0,10.0,990.0
96,8,96,1000.0,0.0,10.0,990.0
97,8,97,1000.0,0.0,10.0,990.0
98,8,98,1000.0,0.0,10.0,990.0
99,8,99,1000.0,0.0,10.0,990.0
100,8,100,1000.0,0.0,10.0,990.0
101,8,101,1000.0,0.0,10.0,990.0
102,8,102,1000.0,0.0,10.0,990.0
103,8,103,1000.0,0.0,10.0,990.0
104,8,104,1000.0,0.0,10.0,990.0
105,8,105,1000.0,0.0,10.0,990.0
106,8,106,1000.0,0.0,10.0,990.0
107,8,107,1000.0,0.0,10.0,990.0
108,8,108,1000.0,0.0,10.0,990.0
109,8,109,1000.0,0.0,10.0,990.0
110,8,110,1000.0,0.0,10.0,990.0
111,8,111,1000.0,0.0,10.0,990.0
112,8,112,1000.0,0.0,10.0,990.0
113,8,113,1000.0,0.0,10.0,990.0
114,8,114,1000.0,0.0,10.0,990.0
115,8,115,1000.0,0.0,10.0,990.0
116,8,116,1000.0,0.0,10.0,990.0
117,8,117,1000.0,0.0,10.0,990.0
118,8,118,1000.0,0.0,10.0,990.0
119,8,119,1000.0,0.0,10.0,990.0
120,8,120,1000.0,0.0,10.0,990.0
121,8,121,1000.0,0.0,10.0,990.0
122,8,122,1000.0,0.0,10.0,990.0
123,8,123,1000.0,0.0,10.0,990.0
124,8,124,1000.0,0.0,10.0,990.0
125,8,125,1000.0,0.0,10.0,990.0
126,8,126,1000.0,0.0,10.0,990.0
127,8,127,1000.0,0.0,10.0,990.0
128,8,128,1000.0,0.0,10.0,990.0
129,8,129,1000.0,0.0,10.0,990.0
130,8,130,1000.0,0.0,10.0,990.0
131,8,131,1000.0,0.0,10.0,990.0
132,8,132,1000.0,0.0,10.0,990.0
133,8,133,1000.0,0.0,10.0,990.0
134,8,134,1000.0,0.0,10.0,990.0
135,8,135,1000.0,0.0,10.0,990.0
136,8,136,1000.0,0.0,10.0,990.0
137,8,137,1000.0,0.0,10.0,990.0
138,8,138,1000.0,0.0,10.0,990.0
139,8,139,1000.0,0.0,10.0,990.0
140,8,140,1000.0,0.0,10.0,990.0
141,8,141,1000.0,0.0,10.0,990.0
142,8,142,1000.0,0.0,10.0,990.0
143,8,143,1000.0,0.0,10.0,990.0
144,8,144,1000.0,0.0,10.0,990.0
145,8,145,1000.0,0.0,10.0,990.0
146,8,146,1000.0,0.0,10.0,990.0
147,8,147,1000.0,0.0,10.0,990.0
148,8,148,1000.0,0.0,10.0,990.0
149,8,149,1000.0,0.0,10.0,990.0
0,9,0,999.0,1.0,500.0,500.0
1,9,1,999.0,1.0,551.0,449.0
2,9,2,999.0,1.0,162.0,838.0
3,9,3,999.0,1.0,33.0,967.0
4,9,4,999.0,1.0,22.0,978.0
5,9,5,999.0,1.0,21.0,979.0
6,9,6,999.0,1.0,21.0,979.0
7,9,7,1000.0,0.0,21.0,979.0
8,9,8,1000.0,0.0,21.0,979.0
9,9,9,1000.0,0.0,21.0,979.0
10,9,10,1000.0,0.0,22.0,978.0
11,9,11,1000.0,0.0,21.0,979.0
12,9,12,1000.0,0.0,20.0,980.0
13,9,13,1000.0,0.0,17.0,983.0
14,9,14,1000.0,0.0,18.0,982.0
15,9,15,1000.0,0.0,17.0,983.0
16,9,16,1000.0,0.0,17.0,983.0
17,9,17,1000.0,0.0,17.0,983.0
18,9,18,1000.0,0.0,17.0,983.0
19,9,19,1000.0,0.0,17.0,983.0
20,9,20,1000.0,0.0,17.0,983.0
21,9,21,1000.0,0.0,18.0,982.0
22,9,22,1000.0,0.0,17.0,983.0
23,9,23,1000.0,0.0,17.0,983.0
24,9,24,1000.0,0.0,17.0,983.0
25,9,25,1000.0,0.0,17.0,983.0
26,9,26,1000.0,0.0,17.0,983.0
27,9,27,1000.0,0.0,17.0,983.0
28,9,28,1000.0,0.0,17.0,983.0
29,9,29,1000.0,0.0,17.0,983.0
30,9,30,1000.0,0.0,17.0,983.0
31,9,31,1000.0,0.0,17.0,983.0
32,9,32,1000.0,0.0,18.0,982.0
33,9,33,1000.0,0.0,17.0,983.0
34,9,34,1000.0,0.0,17.0,983.0
35,9,35,1000.0,0.0,17.0,983.0
36,9,36,1000.0,0.0,17.0,983.0
37,9,37,1000.0,0.0,17.0,983.0
38,9,38,1000.0,0.0,18.0,982.0
39,9,39,1000.0,0.0,17.0,983.0
40,9,40,1000.0,0.0,17.0,983.0
41,9,41,1000.0,0.0,17.0,983.0
42,9,42,1000.0,0.0,17.0,983.0
43,9,43,1000.0,0.0,18.0,982.0
44,9,44,1000.0,0.0,18.0,982.0
45,9,45,1000.0,0.0,17.0,983.0
46,9,46,1000.0,0.0,17.0,983.0
47,9,47,1000.0,0.0,17.0,983.0
48,9,48,1000.0,0.0,17.0,983.0
49,9,49,1000.0,0.0,17.0,983.0
50,9,50,1000.0,0.0,17.0,983.0
51,9,51,1000.0,0.0,17.0,983.0
52,9,52,1000.0,0.0,17.0,983.0
53,9,53,1000.0,0.0,18.0,982.0
54,9,54,1000.0,0.0,17.0,983.0
55,9,55,1000.0,0.0,18.0,982.0
56,9,56,1000.0,0.0,17.0,983.0
57,9,57,1000.0,0.0,17.0,983.0
58,9,58,1000.0,0.0,17.0,983.0
59,9,59,1000.0,0.0,17.0,983.0
60,9,60,1000.0,0.0,17.0,983.0
61,9,61,1000.0,0.0,17.0,983.0
62,9,62,1000.0,0.0,17.0,983.0
63,9,63,1000.0,0.0,17.0,983.0
64,9,64,1000.0,0.0,17.0,983.0
65,9,65,1000.0,0.0,17.0,983.0
66,9,66,1000.0,0.0,18.0,982.0
67,9,67,1000.0,0.0,17.0,983.0
68,9,68,1000.0,0.0,17.0,983.0
69,9,69,1000.0,0.0,17.0,983.0
70,9,70,1000.0,0.0,17.0,983.0
71,9,71,1000.0,0.0,17.0,983.0
72,9,72,1000.0,0.0,18.0,982.0
73,9,73,1000.0,0.0,17.0,983.0
74,9,74,1000.0,0.0,17.0,983.0
75,9,75,1000.0,0.0,17.0,983.0
76,9,76,1000.0,0.0,17.0,983.0
77,9,77,1000.0,0.0,17.0,983.0
78,9,78,1000.0,0.0,17.0,983.0
79,9,79,1000.0,0.0,17.0,983.0
80,9,80,1000.0,0.0,17.0,983.0
81,9,81,1000.0,0.0,17.0,983.0
82,9,82,1000.0,0.0,17.0,983.0
83,9,83,1000.0,0.0,17.0,983.0
84,9,84,1000.0,0.0,17.0,983.0
85,9,85,1000.0,0.0,18.0,982.0
86,9,86,1000.0,0.0,17.0,983.0
87,9,87,1000.0,0.0,17.0,983.0
88,9,88,1000.0,0.0,17.0,983.0
89,9,89,1000.0,0.0,17.0,983.0
90,9,90,1000.0,0.0,17.0,983.0
91,9,91,1000.0,0.0,17.0,983.0
92,9,92,1000.0,0.0,17.0,983.0
93,9,93,1000.0,0.0,17.0,983.0
94,9,94,1000.0,0.0,17.0,983.0
95,9,95,1000.0,0.0,17.0,983.0
96,9,96,1000.0,0.0,18.0,982.0
97,9,97,1000.0,0.0,17.0,983.0
98,9,98,1000.0,0.0,17.0,983.0
99,9,99,1000.0,0.0,17.0,983.0
100,9,100,1000.0,0.0,17.0,983.0
101,9,101,1000.0,0.0,17.0,983.0
102,9,102,1000.0,0.0,17.0,983.0
103,9,103,1000.0,0.0,17.0,983.0
104,9,104,1000.0,0.0,17.0,983.0
105,9,105,1000.0,0.0,17.0,983.0
106,9,106,1000.0,0.0,17.0,983.0
107,9,107,1000.0,0.0,17.0,983.0
108,9,108,1000.0,0.0,18.0,982.0
109,9,109,1000.0,0.0,17.0,983.0
110,9,110,1000.0,0.0,18.0,982.0
111,9,111,1000.0,0.0,17.0,983.0
112,9,112,1000.0,0.0,17.0,983.0
113,9,113,1000.0,0.0,17.0,983.0
114,9,114,1000.0,0.0,17.0,983.0
115,9,115,1000.0,0.0,17.0,983.0
116,9,116,1000.0,0.0,18.0,982.0
117,9,117,1000.0,0.0,17.0,983.0
118,9,118,1000.0,0.0,17.0,983.0
119,9,119,1000.0,0.0,17.0,983.0
120,9,120,1000.0,0.0,17.0,983.0
121,9,121,1000.0,0.0,17.0,983.0
122,9,122,1000.0,0.0,17.0,983.0
123,9,123,1000.0,0.0,18.0,982.0
124,9,124,1000.0,0.0,17.0,983.0
125,9,125,1000.0,0.0,17.0,983.0
126,9,126,1000.0,0.0,18.0,982.0
127,9,127,1000.0,0.0,17.0,983.0
128,9,128,1000.0,0.0,17.0,983.0
129,9,129,1000.0,0.0,17.0,983.0
130,9,130,1000.0,0.0,17.0,983.0
131,9,131,1000.0,0.0,17.0,983.0
132,9,132,1000.0,0.0,18.0,982.0
133,9,133,1000.0,0.0,17.0,983.0
134,9,134,1000.0,0.0,17.0,983.0
135,9,135,1000.0,0.0,17.0,983.0
136,9,136,1000.0,0.0,17.0,983.0
137,9,137,1000.0,0.0,17.0,983.0
138,9,138,1000.0,0.0,17.0,983.0
139,9,139,1000.0,0.0,17.0,983.0
140,9,140,1000.0,0.0,17.0,983.0
141,9,141,1000.0,0.0,17.0,983.0
142,9,142,1000.0,0.0,17.0,983.0
143,9,143,1000.0,0.0,17.0,983.0
144,9,144,1000.0,0.0,17.0,983.0
145,9,145,1000.0,0.0,17.0,983.0
146,9,146,1000.0,0.0,17.0,983.0
147,9,147,1000.0,0.0,17.0,983.0
148,9,148,1000.0,0.0,17.0,983.0
149,9,149,1000.0,0.0,17.0,983.0
0,10,0,999.0,1.0,500.0,500.0
1,10,1,999.0,1.0,624.0,376.0
2,10,2,999.0,1.0,629.0,371.0
3,10,3,999.0,1.0,616.0,384.0
4,10,4,999.0,1.0,24.0,976.0
5,10,5,999.0,1.0,5.0,995.0
6,10,6,999.0,1.0,4.0,996.0
7,10,7,1000.0,0.0,4.0,996.0
8,10,8,1000.0,0.0,4.0,996.0
9,10,9,1000.0,0.0,4.0,996.0
10,10,10,1000.0,0.0,4.0,996.0
11,10,11,1000.0,0.0,4.0,996.0
12,10,12,1000.0,0.0,4.0,996.0
13,10,13,1000.0,0.0,4.0,996.0
14,10,14,1000.0,0.0,4.0,996.0
15,10,15,1000.0,0.0,4.0,996.0
16,10,16,1000.0,0.0,4.0,996.0
17,10,17,1000.0,0.0,4.0,996.0
18,10,18,1000.0,0.0,4.0,996.0
19,10,19,1000.0,0.0,4.0,996.0
20,10,20,1000.0,0.0,4.0,996.0
21,10,21,1000.0,0.0,4.0,996.0
22,10,22,1000.0,0.0,4.0,996.0
23,10,23,1000.0,0.0,4.0,996.0
24,10,24,1000.0,0.0,4.0,996.0
25,10,25,1000.0,0.0,4.0,996.0
26,10,26,1000.0,0.0,4.0,996.0
27,10,27,1000.0,0.0,4.0,996.0
28,10,28,1000.0,0.0,4.0,996.0
29,10,29,1000.0,0.0,4.0,996.0
30,10,30,1000.0,0.0,4.0,996.0
31,10,31,1000.0,0.0,4.0,996.0
32,10,32,1000.0,0.0,4.0,996.0
33,10,33,1000.0,0.0,4.0,996.0
34,10,34,1000.0,0.0,4.0,996.0
35,10,35,1000.0,0.0,4.0,996.0
36,10,36,1000.0,0.0,4.0,996.0
37,10,37,1000.0,0.0,4.0,996.0
38,10,38,1000.0,0.0,4.0,996.0
39,10,39,1000.0,0.0,4.0,996.0
40,10,40,1000.0,0.0,4.0,996.0
41,10,41,1000.0,0.0,4.0,996.0
42,10,42,1000.0,0.0,4.0,996.0
43,10,43,1000.0,0.0,4.0,996.0
44,10,44,1000.0,0.0,4.0,996.0
45,10,45,1000.0,0.0,4.0,996.0
46,10,46,1000.0,0.0,4.0,996.0
47,10,47,1000.0,0.0,4.0,996.0
48,10,48,1000.0,0.0,4.0,996.0
49,10,49,1000.0,0.0,4.0,996.0
50,10,50,1000.0,0.0,4.0,996.0
51,10,51,1000.0,0.0,4.0,996.0
52,10,52,1000.0,0.0,4.0,996.0
53,10,53,1000.0,0.0,4.0,996.0
54,10,54,1000.0,0.0,4.0,996.0
55,10,55,1000.0,0.0,4.0,996.0
56,10,56,1000.0,0.0,4.0,996.0
57,10,57,1000.0,0.0,4.0,996.0
58,10,58,1000.0,0.0,4.0,996.0
59,10,59,1000.0,0.0,4.0,996.0
60,10,60,1000.0,0.0,4.0,996.0
61,10,61,1000.0,0.0,4.0,996.0
62,10,62,1000.0,0.0,4.0,996.0
63,10,63,1000.0,0.0,4.0,996.0
64,10,64,1000.0,0.0,4.0,996.0
65,10,65,1000.0,0.0,4.0,996.0
66,10,66,1000.0,0.0,4.0,996.0
67,10,67,1000.0,0.0,4.0,996.0
68,10,68,1000.0,0.0,4.0,996.0
69,10,69,1000.0,0.0,4.0,996.0
70,10,70,1000.0,0.0,4.0,996.0
71,10,71,1000.0,0.0,4.0,996.0
72,10,72,1000.0,0.0,4.0,996.0
73,10,73,1000.0,0.0,4.0,996.0
74,10,74,1000.0,0.0,4.0,996.0
75,10,75,1000.0,0.0,4.0,996.0
76,10,76,1000.0,0.0,4.0,996.0
77,10,77,1000.0,0.0,4.0,996.0
78,10,78,1000.0,0.0,4.0,996.0
79,10,79,1000.0,0.0,4.0,996.0
80,10,80,1000.0,0.0,4.0,996.0
81,10,81,1000.0,0.0,4.0,996.0
82,10,82,1000.0,0.0,4.0,996.0
83,10,83,1000.0,0.0,4.0,996.0
84,10,84,1000.0,0.0,4.0,996.0
85,10,85,1000.0,0.0,4.0,996.0
86,10,86,1000.0,0.0,4.0,996.0
87,10,87,1000.0,0.0,4.0,996.0
88,10,88,1000.0,0.0,4.0,996.0
89,10,89,1000.0,0.0,4.0,996.0
90,10,90,1000.0,0.0,4.0,996.0
91,10,91,1000.0,0.0,4.0,996.0
92,10,92,1000.0,0.0,4.0,996.0
93,10,93,1000.0,0.0,4.0,996.0
94,10,94,1000.0,0.0,4.0,996.0
95,10,95,1000.0,0.0,4.0,996.0
96,10,96,1000.0,0.0,4.0,996.0
97,10,97,1000.0,0.0,4.0,996.0
98,10,98,1000.0,0.0,4.0,996.0
99,10,99,1000.0,0.0,4.0,996.0
100,10,100,1000.0,0.0,4.0,996.0
101,10,101,1000.0,0.0,4.0,996.0
102,10,102,1000.0,0.0,4.0,996.0
103,10,103,1000.0,0.0,4.0,996.0
104,10,104,1000.0,0.0,4.0,996.0
105,10,105,1000.0,0.0,4.0,996.0
106,10,106,1000.0,0.0,4.0,996.0
107,10,107,1000.0,0.0,4.0,996.0
108,10,108,1000.0,0.0,4.0,996.0
109,10,109,1000.0,0.0,4.0,996.0
110,10,110,1000.0,0.0,4.0,996.0
111,10,111,1000.0,0.0,4.0,996.0
112,10,112,1000.0,0.0,4.0,996.0
113,10,113,1000.0,0.0,4.0,996.0
114,10,114,1000.0,0.0,4.0,996.0
115,10,115,1000.0,0.0,4.0,996.0
116,10,116,1000.0,0.0,4.0,996.0
117,10,117,1000.0,0.0,4.0,996.0
118,10,118,1000.0,0.0,4.0,996.0
119,10,119,1000.0,0.0,4.0,996.0
120,10,120,1000.0,0.0,4.0,996.0
121,10,121,1000.0,0.0,4.0,996.0
122,10,122,1000.0,0.0,4.0,996.0
123,10,123,1000.0,0.0,4.0,996.0
124,10,124,1000.0,0.0,4.0,996.0
125,10,125,1000.0,0.0,4.0,996.0
126,10,126,1000.0,0.0,4.0,996.0
127,10,127,1000.0,0.0,4.0,996.0
128,10,128,1000.0,0.0,4.0,996.0
129,10,129,1000.0,0.0,4.0,996.0
130,10,130,1000.0,0.0,4.0,996.0
131,10,131,1000.0,0.0,4.0,996.0
132,10,132,1000.0,0.0,4.0,996.0
133,10,133,1000.0,0.0,4.0,996.0
134,10,134,1000.0,0.0,4.0,996.0
135,10,135,1000.0,0.0,4.0,996.0
136,10,136,1000.0,0.0,4.0,996.0
137,10,137,1000.0,0.0,4.0,996.0
138,10,138,1000.0,0.0,4.0,996.0
139,10,139,1000.0,0.0,4.0,996.0
140,10,140,1000.0,0.0,4.0,996.0
141,10,141,1000.0,0.0,4.0,996.0
142,10,142,1000.0,0.0,4.0,996.0
143,10,143,1000.0,0.0,4.0,996.0
144,10,144,1000.0,0.0,4.0,996.0
145,10,145,1000.0,0.0,4.0,996.0
146,10,146,1000.0,0.0,4.0,996.0
147,10,147,1000.0,0.0,4.0,996.0
148,10,148,1000.0,0.0,4.0,996.0
149,10,149,1000.0,0.0,4.0,996.0
0,11,0,999.0,1.0,500.0,500.0
1,11,1,999.0,1.0,266.0,734.0
2,11,2,999.0,1.0,221.0,779.0
3,11,3,999.0,1.0,197.0,803.0
4,11,4,999.0,1.0,21.0,979.0
5,11,5,999.0,1.0,3.0,997.0
6,11,6,999.0,1.0,2.0,998.0
7,11,7,1000.0,0.0,2.0,998.0
8,11,8,1000.0,0.0,2.0,998.0
9,11,9,1000.0,0.0,2.0,998.0
10,11,10,1000.0,0.0,2.0,998.0
11,11,11,1000.0,0.0,2.0,998.0
12,11,12,1000.0,0.0,2.0,998.0
13,11,13,1000.0,0.0,2.0,998.0
14,11,14,1000.0,0.0,2.0,998.0
15,11,15,1000.0,0.0,2.0,998.0
16,11,16,1000.0,0.0,2.0,998.0
17,11,17,1000.0,0.0,2.0,998.0
18,11,18,1000.0,0.0,2.0,998.0
19,11,19,1000.0,0.0,2.0,998.0
20,11,20,1000.0,0.0,2.0,998.0
21,11,21,1000.0,0.0,2.0,998.0
22,11,22,1000.0,0.0,2.0,998.0
23,11,23,1000.0,0.0,2.0,998.0
24,11,24,1000.0,0.0,2.0,998.0
25,11,25,1000.0,0.0,2.0,998.0
26,11,26,1000.0,0.0,2.0,998.0
27,11,27,1000.0,0.0,2.0,998.0
28,11,28,1000.0,0.0,2.0,998.0
29,11,29,1000.0,0.0,2.0,998.0
30,11,30,1000.0,0.0,2.0,998.0
31,11,31,1000.0,0.0,2.0,998.0
32,11,32,1000.0,0.0,2.0,998.0
33,11,33,1000.0,0.0,2.0,998.0
34,11,34,1000.0,0.0,2.0,998.0
35,11,35,1000.0,0.0,2.0,998.0
36,11,36,1000.0,0.0,2.0,998.0
37,11,37,1000.0,0.0,2.0,998.0
38,11,38,1000.0,0.0,2.0,998.0
39,11,39,1000.0,0.0,2.0,998.0
40,11,40,1000.0,0.0,2.0,998.0
41,11,41,1000.0,0.0,2.0,998.0
42,11,42,1000.0,0.0,2.0,998.0
43,11,43,1000.0,0.0,2.0,998.0
44,11,44,1000.0,0.0,2.0,998.0
45,11,45,1000.0,0.0,2.0,998.0
46,11,46,1000.0,0.0,2.0,998.0
47,11,47,1000.0,0.0,2.0,998.0
48,11,48,1000.0,0.0,2.0,998.0
49,11,49,1000.0,0.0,2.0,998.0
50,11,50,1000.0,0.0,2.0,998.0
51,11,51,1000.0,0.0,2.0,998.0
52,11,52,1000.0,0.0,2.0,998.0
53,11,53,1000.0,0.0,2.0,998.0
54,11,54,1000.0,0.0,2.0,998.0
55,11,55,1000.0,0.0,2.0,998.0
56,11,56,1000.0,0.0,2.0,998.0
57,11,57,1000.0,0.0,2.0,998.0
58,11,58,1000.0,0.0,2.0,998.0
59,11,59,1000.0,0.0,2.0,998.0
60,11,60,1000.0,0.0,2.0,998.0
61,11,61,1000.0,0.0,2.0,998.0
62,11,62,1000.0,0.0,2.0,998.0
63,11,63,1000.0,0.0,2.0,998.0
64,11,64,1000.0,0.0,2.0,998.0
65,11,65,1000.0,0.0,2.0,998.0
66,11,66,1000.0,0.0,2.0,998.0
67,11,67,1000.0,0.0,2.0,998.0
68,11,68,1000.0,0.0,2.0,998.0
69,11,69,1000.0,0.0,2.0,998.0
70,11,70,1000.0,0.0,2.0,998.0
71,11,71,1000.0,0.0,2.0,998.0
72,11,72,1000.0,0.0,2.0,998.0
73,11,73,1000.0,0.0,2.0,998.0
74,11,74,1000.0,0.0,2.0,998.0
75,11,75,1000.0,0.0,2.0,998.0
76,11,76,1000.0,0.0,2.0,998.0
77,11,77,1000.0,0.0,2.0,998.0
78,11,78,1000.0,0.0,2.0,998.0
79,11,79,1000.0,0.0,2.0,998.0
80,11,80,1000.0,0.0,2.0,998.0
81,11,81,1000.0,0.0,2.0,998.0
82,11,82,1000.0,0.0,2.0,998.0
83,11,83,1000.0,0.0,2.0,998.0
84,11,84,1000.0,0.0,2.0,998.0
85,11,85,1000.0,0.0,2.0,998.0
86,11,86,1000.0,0.0,2.0,998.0
87,11,87,1000.0,0.0,2.0,998.0
88,11,88,1000.0,0.0,2.0,998.0
89,11,89,1000.0,0.0,2.0,998.0
90,11,90,1000.0,0.0,2.0,998.0
91,11,91,1000.0,0.0,2.0,998.0
92,11,92,1000.0,0.0,2.0,998.0
93,11,93,1000.0,0.0,2.0,998.0
94,11,94,1000.0,0.0,2.0,998.0
95,11,95,1000.0,0.0,2.0,998.0
96,11,96,1000.0,0.0,2.0,998.0
97,11,97,1000.0,0.0,2.0,998.0
98,11,98,1000.0,0.0,2.0,998.0
99,11,99,1000.0,0.0,2.0,998.0
100,11,100,1000.0,0.0,2.0,998.0
101,11,101,1000.0,0.0,2.0,998.0
102,11,102,1000.0,0.0,2.0,998.0
103,11,103,1000.0,0.0,2.0,998.0
104,11,104,1000.0,0.0,2.0,998.0
105,11,105,1000.0,0.0,2.0,998.0
106,11,106,1000.0,0.0,2.0,998.0
107,11,107,1000.0,0.0,2.0,998.0
108,11,108,1000.0,0.0,2.0,998.0
109,11,109,1000.0,0.0,2.0,998.0
110,11,110,1000.0,0.0,2.0,998.0
111,11,111,1000.0,0.0,2.0,998.0
112,11,112,1000.0,0.0,2.0,998.0
113,11,113,1000.0,0.0,2.0,998.0
114,11,114,1000.0,0.0,2.0,998.0
115,11,115,1000.0,0.0,2.0,998.0
116,11,116,1000.0,0.0,2.0,998.0
117,11,117,1000.0,0.0,2.0,998.0
118,11,118,1000.0,0.0,2.0,998.0
119,11,119,1000.0,0.0,2.0,998.0
120,11,120,1000.0,0.0,2.0,998.0
121,11,121,1000.0,0.0,2.0,998.0
122,11,122,1000.0,0.0,2.0,998.0
123,11,123,1000.0,0.0,2.0,998.0
124,11,124,1000.0,0.0,2.0,998.0
125,11,125,1000.0,0.0,2.0,998.0
126,11,126,1000.0,0.0,2.0,998.0
127,11,127,1000.0,0.0,2.0,998.0
128,11,128,1000.0,0.0,2.0,998.0
129,11,129,1000.0,0.0,2.0,998.0
130,11,130,1000.0,0.0,2.0,998.0
131,11,131,1000.0,0.0,2.0,998.0
132,11,132,1000.0,0.0,2.0,998.0
133,11,133,1000.0,0.0,2.0,998.0
134,11,134,1000.0,0.0,2.0,998.0
135,11,135,1000.0,0.0,2.0,998.0
136,11,136,1000.0,0.0,2.0,998.0
137,11,137,1000.0,0.0,2.0,998.0
138,11,138,1000.0,0.0,2.0,998.0
139,11,139,1000.0,0.0,2.0,998.0
140,11,140,1000.0,0.0,2.0,998.0
141,11,141,1000.0,0.0,2.0,998.0
142,11,142,1000.0,0.0,2.0,998.0
143,11,143,1000.0,0.0,2.0,998.0
144,11,144,1000.0,0.0,2.0,998.0
145,11,145,1000.0,0.0,2.0,998.0
146,11,146,1000.0,0.0,2.0,998.0
147,11,147,1000.0,0.0,2.0,998.0
148,11,148,1000.0,0.0,2.0,998.0
149,11,149,1000.0,0.0,2.0,998.0
0,12,0,999.0,1.0,500.0,500.0
1,12,1,999.0,1.0,232.0,768.0
2,12,2,999.0,1.0,132.0,868.0
3,12,3,999.0,1.0,87.0,913.0
4,12,4,999.0,1.0,13.0,987.0
5,12,5,999.0,1.0,8.0,992.0
6,12,6,999.0,1.0,7.0,993.0
7,12,7,1000.0,0.0,7.0,993.0
8,12,8,1000.0,0.0,7.0,993.0
9,12,9,1000.0,0.0,7.0,993.0
10,12,10,1000.0,0.0,7.0,993.0
11,12,11,1000.0,0.0,7.0,993.0
12,12,12,1000.0,0.0,7.0,993.0
13,12,13,1000.0,0.0,7.0,993.0
14,12,14,1000.0,0.0,7.0,993.0
15,12,15,1000.0,0.0,7.0,993.0
16,12,16,1000.0,0.0,7.0,993.0
17,12,17,1000.0,0.0,7.0,993.0
18,12,18,1000.0,0.0,7.0,993.0
19,12,19,1000.0,0.0,7.0,993.0
20,12,20,1000.0,0.0,7.0,993.0
21,12,21,1000.0,0.0,7.0,993.0
22,12,22,1000.0,0.0,7.0,993.0
23,12,23,1000.0,0.0,7.0,993.0
24,12,24,1000.0,0.0,7.0,993.0
25,12,25,1000.0,0.0,7.0,993.0
26,12,26,1000.0,0.0,7.0,993.0
27,12,27,1000.0,0.0,7.0,993.0
28,12,28,1000.0,0.0,7.0,993.0
29,12,29,1000.0,0.0,7.0,993.0
30,12,30,1000.0,0.0,7.0,993.0
31,12,31,1000.0,0.0,7.0,993.0
32,12,32,1000.0,0.0,7.0,993.0
33,12,33,1000.0,0.0,7.0,993.0
34,12,34,1000.0,0.0,7.0,993.0
35,12,35,1000.0,0.0,7.0,993.0
36,12,36,1000.0,0.0,7.0,993.0
37,12,37,1000.0,0.0,7.0,993.0
38,12,38,1000.0,0.0,7.0,993.0
39,12,39,1000.0,0.0,7.0,993.0
40,12,40,1000.0,0.0,7.0,993.0
41,12,41,1000.0,0.0,7.0,993.0
42,12,42,1000.0,0.0,7.0,993.0
43,12,43,1000.0,0.0,7.0,993.0
44,12,44,1000.0,0.0,7.0,993.0
45,12,45,1000.0,0.0,7.0,993.0
46,12,46,1000.0,0.0,7.0,993.0
47,12,47,1000.0,0.0,7.0,993.0
48,12,48,1000.0,0.0,7.0,993.0
49,12,49,1000.0,0.0,7.0,993.0
50,12,50,1000.0,0.0,7.0,993.0
51,12,51,1000.0,0.0,7.0,993.0
52,12,52,1000.0,0.0,7.0,993.0
53,12,53,1000.0,0.0,7.0,993.0
54,12,54,1000.0,0.0,7.0,993.0
55,12,55,1000.0,0.0,7.0,993.0
56,12,56,1000.0,0.0,7.0,993.0
57,12,57,1000.0,0.0,7.0,993.0
58,12,58,1000.0,0.0,7.0,993.0
59,12,59,1000.0,0.0,7.0,993.0
60,12,60,1000.0,0.0,7.0,993.0
61,12,61,1000.0,0.0,7.0,993.0
62,12,62,1000.0,0.0,7.0,993.0
63,12,63,1000.0,0.0,7.0,993.0
64,12,64,1000.0,0.0,7.0,993.0
65,12,65,1000.0,0.0,7.0,993.0
66,12,66,1000.0,0.0,7.0,993.0
67,12,67,1000.0,0.0,7.0,993.0
68,12,68,1000.0,0.0,7.0,993.0
69,12,69,1000.0,0.0,7.0,993.0
70,12,70,1000.0,0.0,7.0,993.0
71,12,71,1000.0,0.0,7.0,993.0
72,12,72,1000.0,0.0,7.0,993.0
73,12,73,1000.0,0.0,7.0,993.0
74,12,74,1000.0,0.0,7.0,993.0
75,12,75,1000.0,0.0,7.0,993.0
76,12,76,1000.0,0.0,7.0,993.0
77,12,77,1000.0,0.0,7.0,993.0
78,12,78,1000.0,0.0,7.0,993.0
79,12,79,1000.0,0.0,7.0,993.0
80,12,80,1000.0,0.0,7.0,993.0
81,12,81,1000.0,0.0,7.0,993.0
82,12,82,1000.0,0.0,7.0,993.0
83,12,83,1000.0,0.0,7.0,993.0
84,12,84,1000.0,0.0,7.0,993.0
85,12,85,1000.0,0.0,7.0,993.0
86,12,86,1000.0,0.0,7.0,993.0
87,12,87,1000.0,0.0,7.0,993.0
88,12,88,1000.0,0.0,7.0,993.0
89,12,89,1000.0,0.0,7.0,993.0
90,12,90,1000.0,0.0,7.0,993.0
91,12,91,1000.0,0.0,7.0,993.0
92,12,92,1000.0,0.0,7.0,993.0
93,12,93,1000.0,0.0,7.0,993.0
94,12,94,1000.0,0.0,8.0,992.0
95,12,95,1000.0,0.0,7.0,993.0
96,12,96,1000.0,0.0,7.0,993.0
97,12,97,1000.0,0.0,7.0,993.0
98,12,98,1000.0,0.0,7.0,993.0
99,12,99,1000.0,0.0,7.0,993.0
100,12,100,1000.0,0.0,7.0,993.0
101,12,101,1000.0,0.0,7.0,993.0
102,12,102,1000.0,0.0,7.0,993.0
103,12,103,1000.0,0.0,7.0,993.0
104,12,104,1000.0,0.0,7.0,993.0
105,12,105,1000.0,0.0,7.0,993.0
106,12,106,1000.0,0.0,7.0,993.0
107,12,107,1000.0,0.0,7.0,993.0
108,12,108,1000.0,0.0,7.0,993.0
109,12,109,1000.0,0.0,7.0,993.0
110,12,110,1000.0,0.0,7.0,993.0
111,12,111,1000.0,0.0,7.0,993.0
112,12,112,1000.0,0.0,7.0,993.0
113,12,113,1000.0,0.0,7.0,993.0
114,12,114,1000.0,0.0,7.0,993.0
115,12,115,1000.0,0.0,7.0,993.0
116,12,116,1000.0,0.0,7.0,993.0
117,12,117,1000.0,0.0,7.0,993.0
118,12,118,1000.0,0.0,7.0,993.0
119,12,119,1000.0,0.0,7.0,993.0
120,12,120,1000.0,0.0,7.0,993.0
121,12,121,1000.0,0.0,7.0,993.0
122,12,122,1000.0,0.0,7.0,993.0
123,12,123,1000.0,0.0,7.0,993.0
124,12,124,1000.0,0.0,7.0,993.0
125,12,125,1000.0,0.0,7.0,993.0
126,12,126,1000.0,0.0,7.0,993.0
127,12,127,1000.0,0.0,7.0,993.0
128,12,128,1000.0,0.0,7.0,993.0
129,12,129,1000.0,0.0,7.0,993.0
130,12,130,1000.0,0.0,7.0,993.0
131,12,131,1000.0,0.0,7.0,993.0
132,12,132,1000.0,0.0,7.0,993.0
133,12,133,1000.0,0.0,7.0,993.0
134,12,134,1000.0,0.0,7.0,993.0
135,12,135,1000.0,0.0,7.0,993.0
136,12,136,1000.0,0.0,7.0,993.0
137,12,137,1000.0,0.0,7.0,993.0
138,12,138,1000.0,0.0,7.0,993.0
139,12,139,1000.0,0.0,7.0,993.0
140,12,140,1000.0,0.0,7.0,993.0
141,12,141,1000.0,0.0,7.0,993.0
142,12,142,1000.0,0.0,7.0,993.0
143,12,143,1000.0,0.0,7.0,993.0
144,12,144,1000.0,0.0,7.0,993.0
145,12,145,1000.0,0.0,7.0,993.0
146,12,146,1000.0,0.0,7.0,993.0
147,12,147,1000.0,0.0,7.0,993.0
148,12,148,1000.0,0.0,7.0,993.0
149,12,149,1000.0,0.0,7.0,993.0
0,13,0,999.0,1.0,500.0,500.0
1,13,1,999.0,1.0,203.0,797.0
2,13,2,999.0,1.0,127.0,873.0
3,13,3,999.0,1.0,27.0,973.0
4,13,4,999.0,1.0,16.0,984.0
5,13,5,999.0,1.0,15.0,985.0
6,13,6,999.0,1.0,15.0,985.0
7,13,7,1000.0,0.0,15.0,985.0
8,13,8,1000.0,0.0,15.0,985.0
9,13,9,1000.0,0.0,15.0,985.0
10,13,10,1000.0,0.0,15.0,985.0
11,13,11,1000.0,0.0,15.0,985.0
12,13,12,1000.0,0.0,15.0,985.0
13,13,13,1000.0,0.0,15.0,985.0
14,13,14,1000.0,0.0,15.0,985.0
15,13,15,1000.0,0.0,15.0,985.0
16,13,16,1000.0,0.0,15.0,985.0
17,13,17,1000.0,0.0,16.0,984.0
18,13,18,1000.0,0.0,15.0,985.0
19,13,19,1000.0,0.0,15.0,985.0
20,13,20,1000.0,0.0,15.0,985.0
21,13,21,1000.0,0.0,15.0,985.0
22,13,22,1000.0,0.0,15.0,985.0
23,13,23,1000.0,0.0,15.0,985.0
24,13,24,1000.0,0.0,15.0,985.0
25,13,25,1000.0,0.0,15.0,985.0
26,13,26,1000.0,0.0,15.0,985.0
27,13,27,1000.0,0.0,15.0,985.0
28,13,28,1000.0,0.0,15.0,985.0
29,13,29,1000.0,0.0,15.0,985.0
30,13,30,1000.0,0.0,15.0,985.0
31,13,31,1000.0,0.0,15.0,985.0
32,13,32,1000.0,0.0,15.0,985.0
33,13,33,1000.0,0.0,15.0,985.0
34,13,34,1000.0,0.0,15.0,985.0
35,13,35,1000.0,0.0,15.0,985.0
36,13,36,1000.0,0.0,15.0,985.0
37,13,37,1000.0,0.0,15.0,985.0
38,13,38,1000.0,0.0,15.0,985.0
39,13,39,1000.0,0.0,15.0,985.0
40,13,40,1000.0,0.0,15.0,985.0
41,13,41,1000.0,0.0,15.0,985.0
42,13,42,1000.0,0.0,15.0,985.0
43,13,43,1000.0,0.0,15.0,985.0
44,13,44,1000.0,0.0,15.0,985.0
45,13,45,1000.0,0.0,15.0,985.0
46,13,46,1000.0,0.0,15.0,985.0
47,13,47,1000.0,0.0,15.0,985.0
48,13,48,1000.0,0.0,15.0,985.0
49,13,49,1000.0,0.0,15.0,985.0
50,13,50,1000.0,0.0,15.0,985.0
51,13,51,1000.0,0.0,15.0,985.0
52,13,52,1000.0,0.0,15.0,985.0
53,13,53,1000.0,0.0,15.0,985.0
54,13,54,1000.0,0.0,15.0,985.0
55,13,55,1000.0,0.0,15.0,985.0
56,13,56,1000.0,0.0,15.0,985.0
57,13,57,1000.0,0.0,15.0,985.0
58,13,58,1000.0,0.0,15.0,985.0
59,13,59,1000.0,0.0,15.0,985.0
60,13,60,1000.0,0.0,15.0,985.0
61,13,61,1000.0,0.0,16.0,984.0
62,13,62,1000.0,0.0,15.0,985.0
63,13,63,1000.0,0.0,15.0,985.0
64,13,64,1000.0,0.0,15.0,985.0
65,13,65,1000.0,0.0,15.0,985.0
66,13,66,1000.0,0.0,15.0,985.0
67,13,67,1000.0,0.0,15.0,985.0
68,13,68,1000.0,0.0,15.0,985.0
69,13,69,1000.0,0.0,15.0,985.0
70,13,70,1000.0,0.0,15.0,985.0
71,13,71,1000.0,0.0,15.0,985.0
72,13,72,1000.0,0.0,15.0,985.0
73,13,73,1000.0,0.0,15.0,985.0
74,13,74,1000.0,0.0,15.0,985.0
75,13,75,1000.0,0.0,15.0,985.0
76,13,76,1000.0,0.0,15.0,985.0
77,13,77,1000.0,0.0,15.0,985.0
78,13,78,1000.0,0.0,15.0,985.0
79,13,79,1000.0,0.0,15.0,985.0
80,13,80,1000.0,0.0,15.0,985.0
81,13,81,1000.0,0.0,15.0,985.0
82,13,82,1000.0,0.0,15.0,985.0
83,13,83,1000.0,0.0,15.0,985.0
84,13,84,1000.0,0.0,15.0,985.0
85,13,85,1000.0,0.0,15.0,985.0
86,13,86,1000.0,0.0,15.0,985.0
87,13,87,1000.0,0.0,15.0,985.0
88,13,88,1000.0,0.0,15.0,985.0
89,13,89,1000.0,0.0,15.0,985.0
90,13,90,1000.0,0.0,15.0,985.0
91,13,91,1000.0,0.0,15.0,985.0
92,13,92,1000.0,0.0,15.0,985.0
93,13,93,1000.0,0.0,15.0,985.0
94,13,94,1000.0,0.0,15.0,985.0
95,13,95,1000.0,0.0,15.0,985.0
96,13,96,1000.0,0.0,15.0,985.0
97,13,97,1000.0,0.0,15.0,985.0
98,13,98,1000.0,0.0,15.0,985.0
99,13,99,1000.0,0.0,15.0,985.0
100,13,100,1000.0,0.0,15.0,985.0
101,13,101,1000.0,0.0,15.0,985.0
102,13,102,1000.0,0.0,15.0,985.0
103,13,103,1000.0,0.0,15.0,985.0
104,13,104,1000.0,0.0,15.0,985.0
105,13,105,1000.0,0.0,15.0,985.0
106,13,106,1000.0,0.0,15.0,985.0
107,13,107,1000.0,0.0,15.0,985.0
108,13,108,1000.0,0.0,15.0,985.0
109,13,109,1000.0,0.0,15.0,985.0
110,13,110,1000.0,0.0,15.0,985.0
111,13,111,1000.0,0.0,15.0,985.0
112,13,112,1000.0,0.0,15.0,985.0
113,13,113,1000.0,0.0,15.0,985.0
114,13,114,1000.0,0.0,15.0,985.0
115,13,115,1000.0,0.0,15.0,985.0
116,13,116,1000.0,0.0,15.0,985.0
117,13,117,1000.0,0.0,15.0,985.0
118,13,118,1000.0,0.0,15.0,985.0
119,13,119,1000.0,0.0,15.0,985.0
120,13,120,1000.0,0.0,15.0,985.0
121,13,121,1000.0,0.0,15.0,985.0
122,13,122,1000.0,0.0,15.0,985.0
123,13,123,1000.0,0.0,15.0,985.0
124,13,124,1000.0,0.0,15.0,985.0
125,13,125,1000.0,0.0,15.0,985.0
126,13,126,1000.0,0.0,15.0,985.0
127,13,127,1000.0,0.0,15.0,985.0
128,13,128,1000.0,0.0,15.0,985.0
129,13,129,1000.0,0.0,15.0,985.0
130,13,130,1000.0,0.0,15.0,985.0
131,13,131,1000.0,0.0,15.0,985.0
132,13,132,1000.0,0.0,15.0,985.0
133,13,133,1000.0,0.0,15.0,985.0
134,13,134,1000.0,0.0,15.0,985.0
135,13,135,1000.0,0.0,15.0,985.0
136,13,136,1000.0,0.0,15.0,985.0
137,13,137,1000.0,0.0,15.0,985.0
138,13,138,1000.0,0.0,15.0,985.0
139,13,139,1000.0,0.0,15.0,985.0
140,13,140,1000.0,0.0,15.0,985.0
141,13,141,1000.0,0.0,15.0,985.0
142,13,142,1000.0,0.0,15.0,985.0
143,13,143,1000.0,0.0,15.0,985.0
144,13,144,1000.0,0.0,15.0,985.0
145,13,145,1000.0,0.0,15.0,985.0
146,13,146,1000.0,0.0,15.0,985.0
147,13,147,1000.0,0.0,15.0,985.0
148,13,148,1000.0,0.0,15.0,985.0
149,13,149,1000.0,0.0,15.0,985.0
0,14,0,999.0,1.0,500.0,500.0
1,14,1,999.0,1.0,534.0,466.0
2,14,2,999.0,1.0,536.0,464.0
3,14,3,999.0,1.0,25.0,975.0
4,14,4,999.0,1.0,9.0,991.0
5,14,5,999.0,1.0,2.0,998.0
6,14,6,999.0,1.0,2.0,998.0
7,14,7,1000.0,0.0,2.0,998.0
8,14,8,1000.0,0.0,2.0,998.0
9,14,9,1000.0,0.0,2.0,998.0
10,14,10,1000.0,0.0,2.0,998.0
11,14,11,1000.0,0.0,2.0,998.0
12,14,12,1000.0,0.0,2.0,998.0
13,14,13,1000.0,0.0,2.0,998.0
14,14,14,1000.0,0.0,2.0,998.0
15,14,15,1000.0,0.0,2.0,998.0
16,14,16,1000.0,0.0,2.0,998.0
17,14,17,1000.0,0.0,2.0,998.0
18,14,18,1000.0,0.0,2.0,998.0
19,14,19,1000.0,0.0,2.0,998.0
20,14,20,1000.0,0.0,2.0,998.0
21,14,21,1000.0,0.0,2.0,998.0
22,14,22,1000.0,0.0,2.0,998.0
23,14,23,1000.0,0.0,2.0,998.0
24,14,24,1000.0,0.0,2.0,998.0
25,14,25,1000.0,0.0,2.0,998.0
26,14,26,1000.0,0.0,2.0,998.0
27,14,27,1000.0,0.0,2.0,998.0
28,14,28,1000.0,0.0,2.0,998.0
29,14,29,1000.0,0.0,2.0,998.0
30,14,30,1000.0,0.0,2.0,998.0
31,14,31,1000.0,0.0,2.0,998.0
32,14,32,1000.0,0.0,2.0,998.0
33,14,33,1000.0,0.0,2.0,998.0
34,14,34,1000.0,0.0,2.0,998.0
35,14,35,1000.0,0.0,2.0,998.0
36,14,36,1000.0,0.0,2.0,998.0
37,14,37,1000.0,0.0,2.0,998.0
38,14,38,1000.0,0.0,2.0,998.0
39,14,39,1000.0,0.0,2.0,998.0
40,14,40,1000.0,0.0,2.0,998.0
41,14,41,1000.0,0.0,2.0,998.0
42,14,42,1000.0,0.0,2.0,998.0
43,14,43,1000.0,0.0,2.0,998.0
44,14,44,1000.0,0.0,2.0,998.0
45,14,45,1000.0,0.0,2.0,998.0
46,14,46,1000.0,0.0,2.0,998.0
47,14,47,1000.0,0.0,2.0,998.0
48,14,48,1000.0,0.0,2.0,998.0
49,14,49,1000.0,0.0,2.0,998.0
50,14,50,1000.0,0.0,2.0,998.0
51,14,51,1000.0,0.0,2.0,998.0
52,14,52,1000.0,0.0,2.0,998.0
53,14,53,1000.0,0.0,2.0,998.0
54,14,54,1000.0,0.0,2.0,998.0
55,14,55,1000.0,0.0,2.0,998.0
56,14,56,1000.0,0.0,2.0,998.0
57,14,57,1000.0,0.0,2.0,998.0
58,14,58,1000.0,0.0,2.0,998.0
59,14,59,1000.0,0.0,2.0,998.0
60,14,60,1000.0,0.0,2.0,998.0
61,14,61,1000.0,0.0,2.0,998.0
62,14,62,1000.0,0.0,2.0,998.0
63,14,63,1000.0,0.0,2.0,998.0
64,14,64,1000.0,0.0,2.0,998.0
65,14,65,1000.0,0.0,2.0,998.0
66,14,66,1000.0,0.0,2.0,998.0
67,14,67,1000.0,0.0,2.0,998.0
68,14,68,1000.0,0.0,2.0,998.0
69,14,69,1000.0,0.0,2.0,998.0
70,14,70,1000.0,0.0,2.0,998.0
71,14,71,1000.0,0.0,2.0,998.0
72,14,72,1000.0,0.0,2.0,998.0
73,14,73,1000.0,0.0,2.0,998.0
74,14,74,1000.0,0.0,2.0,998.0
75,14,75,1000.0,0.0,2.0,998.0
76,14,76,1000.0,0.0,2.0,998.0
77,14,77,1000.0,0.0,2.0,998.0
78,14,78,1000.0,0.0,2.0,998.0
79,14,79,1000.0,0.0,2.0,998.0
80,14,80,1000.0,0.0,2.0,998.0
81,14,81,1000.0,0.0,2.0,998.0
82,14,82,1000.0,0.0,2.0,998.0
83,14,83,1000.0,0.0,2.0,998.0
84,14,84,1000.0,0.0,2.0,998.0
85,14,85,1000.0,0.0,2.0,998.0
86,14,86,1000.0,0.0,2.0,998.0
87,14,87,1000.0,0.0,2.0,998.0
88,14,88,1000.0,0.0,2.0,998.0
89,14,89,1000.0,0.0,2.0,998.0
90,14,90,1000.0,0.0,2.0,998.0
91,14,91,1000.0,0.0,2.0,998.0
92,14,92,1000.0,0.0,2.0,998.0
93,14,93,1000.0,0.0,2.0,998.0
94,14,94,1000.0,0.0,2.0,998.0
95,14,95,1000.0,0.0,2.0,998.0
96,14,96,1000.0,0.0,2.0,998.0
97,14,97,1000.0,0.0,2.0,998.0
98,14,98,1000.0,0.0,2.0,998.0
99,14,99,1000.0,0.0,2.0,998.0
100,14,100,1000.0,0.0,2.0,998.0
101,14,101,1000.0,0.0,2.0,998.0
102,14,102,1000.0,0.0,2.0,998.0
103,14,103,1000.0,0.0,2.0,998.0
104,14,104,1000.0,0.0,2.0,998.0
105,14,105,1000.0,0.0,2.0,998.0
106,14,106,1000.0,0.0,2.0,998.0
107,14,107,1000.0,0.0,2.0,998.0
108,14,108,1000.0,0.0,2.0,998.0
109,14,109,1000.0,0.0,2.0,998.0
110,14,110,1000.0,0.0,2.0,998.0
111,14,111,1000.0,0.0,2.0,998.0
112,14,112,1000.0,0.0,2.0,998.0
113,14,113,1000.0,0.0,2.0,998.0
114,14,114,1000.0,0.0,2.0,998.0
115,14,115,1000.0,0.0,2.0,998.0
116,14,116,1000.0,0.0,2.0,998.0
117,14,117,1000.0,0.0,2.0,998.0
118,14,118,1000.0,0.0,2.0,998.0
119,14,119,1000.0,0.0,2.0,998.0
120,14,120,1000.0,0.0,2.0,998.0
121,14,121,1000.0,0.0,2.0,998.0
122,14,122,1000.0,0.0,2.0,998.0
123,14,123,1000.0,0.0,2.0,998.0
124,14,124,1000.0,0.0,2.0,998.0
125,14,125,1000.0,0.0,2.0,998.0
126,14,126,1000.0,0.0,2.0,998.0
127,14,127,1000.0,0.0,2.0,998.0
128,14,128,1000.0,0.0,2.0,998.0
129,14,129,1000.0,0.0,2.0,998.0
130,14,130,1000.0,0.0,2.0,998.0
131,14,131,1000.0,0.0,2.0,998.0
132,14,132,1000.0,0.0,2.0,998.0
133,14,133,1000.0,0.0,2.0,998.0
134,14,134,1000.0,0.0,2.0,998.0
135,14,135,1000.0,0.0,2.0,998.0
136,14,136,1000.0,0.0,2.0,998.0
137,14,137,1000.0,0.0,2.0,998.0
138,14,138,1000.0,0.0,2.0,998.0
139,14,139,1000.0,0.0,2.0,998.0
140,14,140,1000.0,0.0,2.0,998.0
141,14,141,1000.0,0.0,2.0,998.0
142,14,142,1000.0,0.0,2.0,998.0
143,14,143,1000.0,0.0,2.0,998.0
144,14,144,1000.0,0.0,2.0,998.0
145,14,145,1000.0,0.0,2.0,998.0
146,14,146,1000.0,0.0,2.0,998.0
147,14,147,1000.0,0.0,2.0,998.0
148,14,148,1000.0,0.0,2.0,998.0
149,14,149,1000.0,0.0,2.0,998.0
0,15,0,999.0,1.0,500.0,500.0
1,15,1,999.0,1.0,605.0,395.0
2,15,2,999.0,1.0,572.0,428.0
3,15,3,999.0,1.0,98.0,902.0
4,15,4,999.0,1.0,9.0,991.0
5,15,5,999.0,1.0,2.0,998.0
6,15,6,999.0,1.0,2.0,998.0
7,15,7,1000.0,0.0,2.0,998.0
8,15,8,1000.0,0.0,2.0,998.0
9,15,9,1000.0,0.0,2.0,998.0
10,15,10,1000.0,0.0,2.0,998.0
11,15,11,1000.0,0.0,2.0,998.0
12,15,12,1000.0,0.0,2.0,998.0
13,15,13,1000.0,0.0,2.0,998.0
14,15,14,1000.0,0.0,2.0,998.0
15,15,15,1000.0,0.0,2.0,998.0
16,15,16,1000.0,0.0,2.0,998.0
17,15,17,1000.0,0.0,2.0,998.0
18,15,18,1000.0,0.0,2.0,998.0
19,15,19,1000.0,0.0,2.0,998.0
20,15,20,1000.0,0.0,2.0,998.0
21,15,21,1000.0,0.0,2.0,998.0
22,15,22,1000.0,0.0,2.0,998.0
23,15,23,1000.0,0.0,2.0,998.0
24,15,24,1000.0,0.0,2.0,998.0
25,15,25,1000.0,0.0,2.0,998.0
26,15,26,1000.0,0.0,2.0,998.0
27,15,27,1000.0,0.0,2.0,998.0
28,15,28,1000.0,0.0,2.0,998.0
29,15,29,1000.0,0.0,2.0,998.0
30,15,30,1000.0,0.0,2.0,998.0
31,15,31,1000.0,0.0,2.0,998.0
32,15,32,1000.0,0.0,2.0,998.0
33,15,33,1000.0,0.0,2.0,998.0
34,15,34,1000.0,0.0,2.0,998.0
35,15,35,1000.0,0.0,2.0,998.0
36,15,36,1000.0,0.0,2.0,998.0
37,15,37,1000.0,0.0,2.0,998.0
38,15,38,1000.0,0.0,2.0,998.0
39,15,39,1000.0,0.0,2.0,998.0
40,15,40,1000.0,0.0,2.0,998.0
41,15,41,1000.0,0.0,2.0,998.0
42,15,42,1000.0,0.0,2.0,998.0
43,15,43,1000.0,0.0,2.0,998.0
44,15,44,1000.0,0.0,2.0,998.0
45,15,45,1000.0,0.0,2.0,998.0
46,15,46,1000.0,0.0,2.0,998.0
47,15,47,1000.0,0.0,2.0,998.0
48,15,48,1000.0,0.0,2.0,998.0
49,15,49,1000.0,0.0,2.0,998.0
50,15,50,1000.0,0.0,2.0,998.0
51,15,51,1000.0,0.0,2.0,998.0
52,15,52,1000.0,0.0,2.0,998.0
53,15,53,1000.0,0.0,2.0,998.0
54,15,54,1000.0,0.0,2.0,998.0
55,15,55,1000.0,0.0,2.0,998.0
56,15,56,1000.0,0.0,2.0,998.0
57,15,57,1000.0,0.0,2.0,998.0
58,15,58,1000.0,0.0,2.0,998.0
59,15,59,1000.0,0.0,2.0,998.0
60,15,60,1000.0,0.0,2.0,998.0
61,15,61,1000.0,0.0,2.0,998.0
62,15,62,1000.0,0.0,2.0,998.0
63,15,63,1000.0,0.0,2.0,998.0
64,15,64,1000.0,0.0,2.0,998.0
65,15,65,1000.0,0.0,2.0,998.0
66,15,66,1000.0,0.0,2.0,998.0
67,15,67,1000.0,0.0,2.0,998.0
68,15,68,1000.0,0.0,2.0,998.0
69,15,69,1000.0,0.0,2.0,998.0
70,15,70,1000.0,0.0,2.0,998.0
71,15,71,1000.0,0.0,2.0,998.0
72,15,72,1000.0,0.0,2.0,998.0
73,15,73,1000.0,0.0,2.0,998.0
74,15,74,1000.0,0.0,2.0,998.0
75,15,75,1000.0,0.0,2.0,998.0
76,15,76,1000.0,0.0,2.0,998.0
77,15,77,1000.0,0.0,2.0,998.0
78,15,78,1000.0,0.0,2.0,998.0
79,15,79,1000.0,0.0,2.0,998.0
80,15,80,1000.0,0.0,2.0,998.0
81,15,81,1000.0,0.0,2.0,998.0
82,15,82,1000.0,0.0,2.0,998.0
83,15,83,1000.0,0.0,2.0,998.0
84,15,84,1000.0,0.0,2.0,998.0
85,15,85,1000.0,0.0,2.0,998.0
86,15,86,1000.0,0.0,2.0,998.0
87,15,87,1000.0,0.0,2.0,998.0
88,15,88,1000.0,0.0,2.0,998.0
89,15,89,1000.0,0.0,2.0,998.0
90,15,90,1000.0,0.0,2.0,998.0
91,15,91,1000.0,0.0,2.0,998.0
92,15,92,1000.0,0.0,2.0,998.0
93,15,93,1000.0,0.0,2.0,998.0
94,15,94,1000.0,0.0,2.0,998.0
95,15,95,1000.0,0.0,2.0,998.0
96,15,96,1000.0,0.0,2.0,998.0
97,15,97,1000.0,0.0,2.0,998.0
98,15,98,1000.0,0.0,2.0,998.0
99,15,99,1000.0,0.0,2.0,998.0
100,15,100,1000.0,0.0,2.0,998.0
101,15,101,1000.0,0.0,2.0,998.0
102,15,102,1000.0,0.0,2.0,998.0
103,15,103,1000.0,0.0,2.0,998.0
104,15,104,1000.0,0.0,2.0,998.0
105,15,105,1000.0,0.0,2.0,998.0
106,15,106,1000.0,0.0,2.0,998.0
107,15,107,1000.0,0.0,2.0,998.0
108,15,108,1000.0,0.0,2.0,998.0
109,15,109,1000.0,0.0,2.0,998.0
110,15,110,1000.0,0.0,2.0,998.0
111,15,111,1000.0,0.0,2.0,998.0
112,15,112,1000.0,0.0,2.0,998.0
113,15,113,1000.0,0.0,2.0,998.0
114,15,114,1000.0,0.0,2.0,998.0
115,15,115,1000.0,0.0,2.0,998.0
116,15,116,1000.0,0.0,2.0,998.0
117,15,117,1000.0,0.0,2.0,998.0
118,15,118,1000.0,0.0,2.0,998.0
119,15,119,1000.0,0.0,2.0,998.0
120,15,120,1000.0,0.0,2.0,998.0
121,15,121,1000.0,0.0,2.0,998.0
122,15,122,1000.0,0.0,2.0,998.0
123,15,123,1000.0,0.0,2.0,998.0
124,15,124,1000.0,0.0,2.0,998.0
125,15,125,1000.0,0.0,2.0,998.0
126,15,126,1000.0,0.0,2.0,998.0
127,15,127,1000.0,0.0,2.0,998.0
128,15,128,1000.0,0.0,2.0,998.0
129,15,129,1000.0,0.0,2.0,998.0
130,15,130,1000.0,0.0,2.0,998.0
131,15,131,1000.0,0.0,2.0,998.0
132,15,132,1000.0,0.0,2.0,998.0
133,15,133,1000.0,0.0,2.0,998.0
134,15,134,1000.0,0.0,2.0,998.0
135,15,135,1000.0,0.0,2.0,998.0
136,15,136,1000.0,0.0,2.0,998.0
137,15,137,1000.0,0.0,2.0,998.0
138,15,138,1000.0,0.0,2.0,998.0
139,15,139,1000.0,0.0,2.0,998.0
140,15,140,1000.0,0.0,2.0,998.0
141,15,141,1000.0,0.0,2.0,998.0
142,15,142,1000.0,0.0,2.0,998.0
143,15,143,1000.0,0.0,2.0,998.0
144,15,144,1000.0,0.0,2.0,998.0
145,15,145,1000.0,0.0,2.0,998.0
146,15,146,1000.0,0.0,2.0,998.0
147,15,147,1000.0,0.0,2.0,998.0
148,15,148,1000.0,0.0,2.0,998.0
149,15,149,1000.0,0.0,2.0,998.0
0,16,0,999.0,1.0,500.0,500.0
1,16,1,999.0,1.0,574.0,426.0
2,16,2,999.0,1.0,149.0,851.0
3,16,3,999.0,1.0,109.0,891.0
4,16,4,999.0,1.0,12.0,988.0
5,16,5,999.0,1.0,12.0,988.0
6,16,6,999.0,1.0,12.0,988.0
7,16,7,1000.0,0.0,12.0,988.0
8,16,8,1000.0,0.0,12.0,988.0
9,16,9,1000.0,0.0,12.0,988.0
10,16,10,1000.0,0.0,12.0,988.0
11,16,11,1000.0,0.0,12.0,988.0
12,16,12,1000.0,0.0,12.0,988.0
13,16,13,1000.0,0.0,12.0,988.0
14,16,14,1000.0,0.0,12.0,988.0
15,16,15,1000.0,0.0,12.0,988.0
16,16,16,1000.0,0.0,12.0,988.0
17,16,17,1000.0,0.0,12.0,988.0
18,16,18,1000.0,0.0,12.0,988.0
19,16,19,1000.0,0.0,12.0,988.0
20,16,20,1000.0,0.0,12.0,988.0
21,16,21,1000.0,0.0,12.0,988.0
22,16,22,1000.0,0.0,12.0,988.0
23,16,23,1000.0,0.0,12.0,988.0
24,16,24,1000.0,0.0,12.0,988.0
25,16,25,1000.0,0.0,12.0,988.0
26,16,26,1000.0,0.0,12.0,988.0
27,16,27,1000.0,0.0,12.0,988.0
28,16,28,1000.0,0.0,12.0,988.0
29,16,29,1000.0,0.0,12.0,988.0
30,16,30,1000.0,0.0,12.0,988.0
31,16,31,1000.0,0.0,12.0,988.0
32,16,32,1000.0,0.0,12.0,988.0
33,16,33,1000.0,0.0,12.0,988.0
34,16,34,1000.0,0.0,12.0,988.0
35,16,35,1000.0,0.0,12.0,988.0
36,16,36,1000.0,0.0,12.0,988.0
37,16,37,1000.0,0.0,12.0,988.0
38,16,38,1000.0,0.0,12.0,988.0
39,16,39,1000.0,0.0,12.0,988.0
40,16,40,1000.0,0.0,12.0,988.0
41,16,41,1000.0,0.0,12.0,988.0
42,16,42,1000.0,0.0,12.0,988.0
43,16,43,1000.0,0.0,12.0,988.0
44,16,44,1000.0,0.0,13.0,987.0
45,16,45,1000.0,0.0,12.0,988.0
46,16,46,1000.0,0.0,12.0,988.0
47,16,47,1000.0,0.0,12.0,988.0
48,16,48,1000.0,0.0,12.0,988.0
49,16,49,1000.0,0.0,12.0,988.0
50,16,50,1000.0,0.0,12.0,988.0
51,16,51,1000.0,0.0,12.0,988.0
52,16,52,1000.0,0.0,12.0,988.0
53,16,53,1000.0,0.0,12.0,988.0
54,16,54,1000.0,0.0,12.0,988.0
55,16,55,1000.0,0.0,12.0,988.0
56,16,56,1000.0,0.0,12.0,988.0
57,16,57,1000.0,0.0,12.0,988.0
58,16,58,1000.0,0.0,13.0,987.0
59,16,59,1000.0,0.0,12.0,988.0
60,16,60,1000.0,0.0,12.0,988.0
61,16,61,1000.0,0.0,12.0,988.0
62,16,62,1000.0,0.0,12.0,988.0
63,16,63,1000.0,0.0,12.0,988.0
64,16,64,1000.0,0.0,12.0,988.0
65,16,65,1000.0,0.0,12.0,988.0
66,16,66,1000.0,0.0,12.0,988.0
67,16,67,1000.0,0.0,12.0,988.0
68,16,68,1000.0,0.0,12.0,988.0
69,16,69,1000.0,0.0,12.0,988.0
70,16,70,1000.0,0.0,12.0,988.0
71,16,71,1000.0,0.0,12.0,988.0
72,16,72,1000.0,0.0,12.0,988.0
73,16,73,1000.0,0.0,12.0,988.0
74,16,74,1000.0,0.0,12.0,988.0
75,16,75,1000.0,0.0,12.0,988.0
76,16,76,1000.0,0.0,13.0,987.0
77,16,77,1000.0,0.0,13.0,987.0
78,16,78,1000.0,0.0,12.0,988.0
79,16,79,1000.0,0.0,12.0,988.0
80,16,80,1000.0,0.0,12.0,988.0
81,16,81,1000.0,0.0,12.0,988.0
82,16,82,1000.0,0.0,12.0,988.0
83,16,83,1000.0,0.0,12.0,988.0
84,16,84,1000.0,0.0,12.0,988.0
85,16,85,1000.0,0.0,12.0,988.0
86,16,86,1000.0,0.0,12.0,988.0
87,16,87,1000.0,0.0,12.0,988.0
88,16,88,1000.0,0.0,12.0,988.0
89,16,89,1000.0,0.0,12.0,988.0
90,16,90,1000.0,0.0,12.0,988.0
91,16,91,1000.0,0.0,12.0,988.0
92,16,92,1000.0,0.0,12.0,988.0
93,16,93,1000.0,0.0,12.0,988.0
94,16,94,1000.0,0.0,12.0,988.0
95,16,95,1000.0,0.0,12.0,988.0
96,16,96,1000.0,0.0,12.0,988.0
97,16,97,1000.0,0.0,12.0,988.0
98,16,98,1000.0,0.0,12.0,988.0
99,16,99,1000.0,0.0,12.0,988.0
100,16,100,1000.0,0.0,12.0,988.0
101,16,101,1000.0,0.0,12.0,988.0
102,16,102,1000.0,0.0,12.0,988.0
103,16,103,1000.0,0.0,12.0,988.0
104,16,104,1000.0,0.0,12.0,988.0
105,16,105,1000.0,0.0,12.0,988.0
106,16,106,1000.0,0.0,12.0,988.0
107,16,107,1000.0,0.0,12.0,988.0
108,16,108,1000.0,0.0,12.0,988.0
109,16,109,1000.0,0.0,12.0,988.0
110,16,110,1000.0,0.0,12.0,988.0
111,16,111,1000.0,0.0,12.0,988.0
112,16,112,1000.0,0.0,12.0,988.0
113,16,113,1000.0,0.0,12.0,988.0
114,16,114,1000.0,0.0,12.0,988.0
115,16,115,1000.0,0.0,12.0,988.0
116,16,116,1000.0,0.0,12.0,988.0
117,16,117,1000.0,0.0,12.0,988.0
118,16,118,1000.0,0.0,12.0,988.0
119,16,119,1000.0,0.0,12.0,988.0
120,16,120,1000.0,0.0,12.0,988.0
121,16,121,1000.0,0.0,12.0,988.0
122,16,122,1000.0,0.0,12.0,988.0
123,16,123,1000.0,0.0,12.0,988.0
124,16,124,1000.0,0.0,12.0,988.0
125,16,125,1000.0,0.0,12.0,988.0
126,16,126,1000.0,0.0,12.0,988.0
127,16,127,1000.0,0.0,12.0,988.0
128,16,128,1000.0,0.0,12.0,988.0
129,16,129,1000.0,0.0,12.0,988.0
130,16,130,1000.0,0.0,12.0,988.0
131,16,131,1000.0,0.0,12.0,988.0
132,16,132,1000.0,0.0,12.0,988.0
133,16,133,1000.0,0.0,12.0,988.0
134,16,134,1000.0,0.0,12.0,988.0
135,16,135,1000.0,0.0,12.0,988.0
136,16,136,1000.0,0.0,12.0,988.0
137,16,137,1000.0,0.0,12.0,988.0
138,16,138,1000.0,0.0,12.0,988.0
139,16,139,1000.0,0.0,13.0,987.0
140,16,140,1000.0,0.0,12.0,988.0
141,16,141,1000.0,0.0,12.0,988.0
142,16,142,1000.0,0.0,12.0,988.0
143,16,143,1000.0,0.0,12.0,988.0
144,16,144,1000.0,0.0,12.0,988.0
145,16,145,1000.0,0.0,12.0,988.0
146,16,146,1000.0,0.0,12.0,988.0
147,16,147,1000.0,0.0,12.0,988.0
148,16,148,1000.0,0.0,12.0,988.0
149,16,149,1000.0,0.0,12.0,988.0
0,17,0,999.0,1.0,500.0,500.0
1,17,1,999.0,1.0,604.0,396.0
2,17,2,999.0,1.0,574.0,426.0
3,17,3,999.0,1.0,526.0,474.0
4,17,4,999.0,1.0,504.0,496.0
5,17,5,999.0,1.0,94.0,906.0
6,17,6,999.0,1.0,2.0,998.0
7,17,7,1000.0,0.0,2.0,998.0
8,17,8,1000.0,0.0,2.0,998.0
9,17,9,1000.0,0.0,2.0,998.0
10,17,10,1000.0,0.0,2.0,998.0
11,17,11,1000.0,0.0,2.0,998.0
12,17,12,1000.0,0.0,2.0,998.0
13,17,13,1000.0,0.0,2.0,998.0
14,17,14,1000.0,0.0,2.0,998.0
15,17,15,1000.0,0.0,2.0,998.0
16,17,16,1000.0,0.0,2.0,998.0
17,17,17,1000.0,0.0,2.0,998.0
18,17,18,1000.0,0.0,2.0,998.0
19,17,19,1000.0,0.0,2.0,998.0
20,17,20,1000.0,0.0,2.0,998.0
21,17,21,1000.0,0.0,2.0,998.0
22,17,22,1000.0,0.0,2.0,998.0
23,17,23,1000.0,0.0,2.0,998.0
24,17,24,1000.0,0.0,2.0,998.0
25,17,25,1000.0,0.0,2.0,998.0
26,17,26,1000.0,0.0,2.0,998.0
27,17,27,1000.0,0.0,2.0,998.0
28,17,28,1000.0,0.0,2.0,998.0
29,17,29,1000.0,0.0,2.0,998.0
30,17,30,1000.0,0.0,2.0,998.0
31,17,31,1000.0,0.0,2.0,998.0
32,17,32,1000.0,0.0,2.0,998.0
33,17,33,1000.0,0.0,2.0,998.0
34,17,34,1000.0,0.0,2.0,998.0
35,17,35,1000.0,0.0,2.0,998.0
36,17,36,1000.0,0.0,2.0,998.0
37,17,37,1000.0,0.0,2.0,998.0
38,17,38,1000.0,0.0,2.0,998.0
39,17,39,1000.0,0.0,2.0,998.0
40,17,40,1000.0,0.0,2.0,998.0
41,17,41,1000.0,0.0,2.0,998.0
42,17,42,1000.0,0.0,2.0,998.0
43,17,43,1000.0,0.0,2.0,998.0
44,17,44,1000.0,0.0,2.0,998.0
45,17,45,1000.0,0.0,2.0,998.0
46,17,46,1000.0,0.0,2.0,998.0
47,17,47,1000.0,0.0,2.0,998.0
48,17,48,1000.0,0.0,2.0,998.0
49,17,49,1000.0,0.0,2.0,998.0
50,17,50,1000.0,0.0,2.0,998.0
51,17,51,1000.0,0.0,2.0,998.0
52,17,52,1000.0,0.0,2.0,998.0
53,17,53,1000.0,0.0,2.0,998.0
54,17,54,1000.0,0.0,2.0,998.0
55,17,55,1000.0,0.0,2.0,998.0
56,17,56,1000.0,0.0,2.0,998.0
57,17,57,1000.0,0.0,2.0,998.0
58,17,58,1000.0,0.0,2.0,998.0
59,17,59,1000.0,0.0,2.0,998.0
60,17,60,1000.0,0.0,2.0,998.0
61,17,61,1000.0,0.0,2.0,998.0
62,17,62,1000.0,0.0,2.0,998.0
63,17,63,1000.0,0.0,2.0,998.0
64,17,64,1000.0,0.0,2.0,998.0
65,17,65,1000.0,0.0,2.0,998.0
66,17,66,1000.0,0.0,2.0,998.0
67,17,67,1000.0,0.0,2.0,998.0
68,17,68,1000.0,0.0,2.0,998.0
69,17,69,1000.0,0.0,2.0,998.0
70,17,70,1000.0,0.0,2.0,998.0
71,17,71,1000.0,0.0,2.0,998.0
72,17,72,1000.0,0.0,2.0,998.0
73,17,73,1000.0,0.0,2.0,998.0
74,17,74,1000.0,0.0,2.0,998.0
75,17,75,1000.0,0.0,2.0,998.0
76,17,76,1000.0,0.0,2.0,998.0
77,17,77,1000.0,0.0,2.0,998.0
78,17,78,1000.0,0.0,2.0,998.0
79,17,79,1000.0,0.0,2.0,998.0
80,17,80,1000.0,0.0,2.0,998.0
81,17,81,1000.0,0.0,2.0,998.0
82,17,82,1000.0,0.0,2.0,998.0
83,17,83,1000.0,0.0,2.0,998.0
84,17,84,1000.0,0.0,2.0,998.0
85,17,85,1000.0,0.0,2.0,998.0
86,17,86,1000.0,0.0,2.0,998.0
87,17,87,1000.0,0.0,2.0,998.0
88,17,88,1000.0,0.0,2.0,998.0
89,17,89,1000.0,0.0,2.0,998.0
90,17,90,1000.0,0.0,2.0,998.0
91,17,91,1000.0,0.0,2.0,998.0
92,17,92,1000.0,0.0,2.0,998.0
93,17,93,1000.0,0.0,2.0,998.0
94,17,94,1000.0,0.0,2.0,998.0
95,17,95,1000.0,0.0,2.0,998.0
96,17,96,1000.0,0.0,2.0,998.0
97,17,97,1000.0,0.0,2.0,998.0
98,17,98,1000.0,0.0,2.0,998.0
99,17,99,1000.0,0.0,2.0,998.0
100,17,100,1000.0,0.0,2.0,998.0
101,17,101,1000.0,0.0,2.0,998.0
102,17,102,1000.0,0.0,2.0,998.0
103,17,103,1000.0,0.0,2.0,998.0
104,17,104,1000.0,0.0,2.0,998.0
105,17,105,1000.0,0.0,2.0,998.0
106,17,106,1000.0,0.0,2.0,998.0
107,17,107,1000.0,0.0,2.0,998.0
108,17,108,1000.0,0.0,2.0,998.0
109,17,109,1000.0,0.0,2.0,998.0
110,17,110,1000.0,0.0,2.0,998.0
111,17,111,1000.0,0.0,2.0,998.0
112,17,112,1000.0,0.0,2.0,998.0
113,17,113,1000.0,0.0,2.0,998.0
114,17,114,1000.0,0.0,2.0,998.0
115,17,115,1000.0,0.0,2.0,998.0
116,17,116,1000.0,0.0,2.0,998.0
117,17,117,1000.0,0.0,2.0,998.0
118,17,118,1000.0,0.0,2.0,998.0
119,17,119,1000.0,0.0,2.0,998.0
120,17,120,1000.0,0.0,2.0,998.0
121,17,121,1000.0,0.0,2.0,998.0
122,17,122,1000.0,0.0,2.0,998.0
123,17,123,1000.0,0.0,2.0,998.0
124,17,124,1000.0,0.0,2.0,998.0
125,17,125,1000.0,0.0,2.0,998.0
126,17,126,1000.0,0.0,2.0,998.0
127,17,127,1000.0,0.0,2.0,998.0
128,17,128,1000.0,0.0,2.0,998.0
129,17,129,1000.0,0.0,2.0,998.0
130,17,130,1000.0,0.0,2.0,998.0
131,17,131,1000.0,0.0,2.0,998.0
132,17,132,1000.0,0.0,2.0,998.0
133,17,133,1000.0,0.0,2.0,998.0
134,17,134,1000.0,0.0,2.0,998.0
135,17,135,1000.0,0.0,2.0,998.0
136,17,136,1000.0,0.0,2.0,998.0
137,17,137,1000.0,0.0,2.0,998.0
138,17,138,1000.0,0.0,2.0,998.0
139,17,139,1000.0,0.0,2.0,998.0
140,17,140,1000.0,0.0,2.0,998.0
141,17,141,1000.0,0.0,2.0,998.0
142,17,142,1000.0,0.0,2.0,998.0
143,17,143,1000.0,0.0,2.0,998.0
144,17,144,1000.0,0.0,2.0,998.0
145,17,145,1000.0,0.0,2.0,998.0
146,17,146,1000.0,0.0,2.0,998.0
147,17,147,1000.0,0.0,2.0,998.0
148,17,148,1000.0,0.0,2.0,998.0
149,17,149,1000.0,0.0,2.0,998.0
0,18,0,999.0,1.0,500.0,500.0
1,18,1,999.0,1.0,622.0,378.0
2,18,2,999.0,1.0,584.0,416.0
3,18,3,999.0,1.0,538.0,462.0
4,18,4,999.0,1.0,511.0,489.0
5,18,5,999.0,1.0,14.0,986.0
6,18,6,999.0,1.0,4.0,996.0
7,18,7,1000.0,0.0,0.0,1000.0
8,18,8,1000.0,0.0,0.0,1000.0
9,18,9,1000.0,0.0,0.0,1000.0
10,18,10,1000.0,0.0,0.0,1000.0
11,18,11,1000.0,0.0,0.0,1000.0
12,18,12,1000.0,0.0,0.0,1000.0
13,18,13,1000.0,0.0,0.0,1000.0
14,18,14,1000.0,0.0,0.0,1000.0
15,18,15,1000.0,0.0,0.0,1000.0
16,18,16,1000.0,0.0,0.0,1000.0
17,18,17,1000.0,0.0,0.0,1000.0
18,18,18,1000.0,0.0,0.0,1000.0
19,18,19,1000.0,0.0,0.0,1000.0
20,18,20,1000.0,0.0,0.0,1000.0
21,18,21,1000.0,0.0,0.0,1000.0
22,18,22,1000.0,0.0,0.0,1000.0
23,18,23,1000.0,0.0,0.0,1000.0
24,18,24,1000.0,0.0,0.0,1000.0
25,18,25,1000.0,0.0,0.0,1000.0
26,18,26,1000.0,0.0,0.0,1000.0
27,18,27,1000.0,0.0,0.0,1000.0
28,18,28,1000.0,0.0,0.0,1000.0
29,18,29,1000.0,0.0,0.0,1000.0
30,18,30,1000.0,0.0,0.0,1000.0
31,18,31,1000.0,0.0,0.0,1000.0
32,18,32,1000.0,0.0,0.0,1000.0
33,18,33,1000.0,0.0,0.0,1000.0
34,18,34,1000.0,0.0,0.0,1000.0
35,18,35,1000.0,0.0,0.0,1000.0
36,18,36,1000.0,0.0,0.0,1000.0
37,18,37,1000.0,0.0,0.0,1000.0
38,18,38,1000.0,0.0,0.0,1000.0
39,18,39,1000.0,0.0,0.0,1000.0
40,18,40,1000.0,0.0,0.0,1000.0
41,18,41,1000.0,0.0,0.0,1000.0
42,18,42,1000.0,0.0,0.0,1000.0
43,18,43,1000.0,0.0,0.0,1000.0
44,18,44,1000.0,0.0,0.0,1000.0
45,18,45,1000.0,0.0,0.0,1000.0
46,18,46,1000.0,0.0,0.0,1000.0
47,18,47,1000.0,0.0,0.0,1000.0
48,18,48,1000.0,0.0,0.0,1000.0
49,18,49,1000.0,0.0,0.0,1000.0
50,18,50,1000.0,0.0,0.0,1000.0
51,18,51,1000.0,0.0,0.0,1000.0
52,18,52,1000.0,0.0,0.0,1000.0
53,18,53,1000.0,0.0,0.0,1000.0
54,18,54,1000.0,0.0,0.0,1000.0
55,18,55,1000.0,0.0,0.0,1000.0
56,18,56,1000.0,0.0,0.0,1000.0
57,18,57,1000.0,0.0,0.0,1000.0
58,18,58,1000.0,0.0,0.0,1000.0
59,18,59,1000.0,0.0,0.0,1000.0
60,18,60,1000.0,0.0,0.0,1000.0
61,18,61,1000.0,0.0,0.0,1000.0
62,18,62,1000.0,0.0,0.0,1000.0
63,18,63,1000.0,0.0,0.0,1000.0
64,18,64,1000.0,0.0,0.0,1000.0
65,18,65,1000.0,0.0,0.0,1000.0
66,18,66,1000.0,0.0,0.0,1000.0
67,18,67,1000.0,0.0,0.0,1000.0
68,18,68,1000.0,0.0,0.0,1000.0
69,18,69,1000.0,0.0,0.0,1000.0
70,18,70,1000.0,0.0,0.0,1000.0
71,18,71,1000.0,0.0,0.0,1000.0
72,18,72,1000.0,0.0,0.0,1000.0
73,18,73,1000.0,0.0,0.0,1000.0
74,18,74,1000.0,0.0,0.0,1000.0
75,18,75,1000.0,0.0,0.0,1000.0
76,18,76,1000.0,0.0,0.0,1000.0
77,18,77,1000.0,0.0,0.0,1000.0
78,18,78,1000.0,0.0,0.0,1000.0
79,18,79,1000.0,0.0,0.0,1000.0
80,18,80,1000.0,0.0,0.0,1000.0
81,18,81,1000.0,0.0,0.0,1000.0
82,18,82,1000.0,0.0,0.0,1000.0
83,18,83,1000.0,0.0,0.0,1000.0
84,18,84,1000.0,0.0,0.0,1000.0
85,18,85,1000.0,0.0,0.0,1000.0
86,18,86,1000.0,0.0,0.0,1000.0
87,18,87,1000.0,0.0,0.0,1000.0
88,18,88,1000.0,0.0,0.0,1000.0
89,18,89,1000.0,0.0,0.0,1000.0
90,18,90,1000.0,0.0,0.0,1000.0
91,18,91,1000.0,0.0,0.0,1000.0
92,18,92,1000.0,0.0,0.0,1000.0
93,18,93,1000.0,0.0,0.0,1000.0
94,18,94,1000.0,0.0,0.0,1000.0
95,18,95,1000.0,0.0,0.0,1000.0
96,18,96,1000.0,0.0,0.0,1000.0
97,18,97,1000.0,0.0,0.0,1000.0
98,18,98,1000.0,0.0,0.0,1000.0
99,18,99,1000.0,0.0,0.0,1000.0
100,18,100,1000.0,0.0,0.0,1000.0
101,18,101,1000.0,0.0,0.0,1000.0
102,18,102,1000.0,0.0,0.0,1000.0
103,18,103,1000.0,0.0,0.0,1000.0
104,18,104,1000.0,0.0,0.0,1000.0
105,18,105,1000.0,0.0,0.0,1000.0
106,18,106,1000.0,0.0,0.0,1000.0
107,18,107,1000.0,0.0,0.0,1000.0
108,18,108,1000.0,0.0,0.0,1000.0
109,18,109,1000.0,0.0,0.0,1000.0
110,18,110,1000.0,0.0,0.0,1000.0
111,18,111,999.0,1.0,0.0,1000.0
112,18,112,999.0,1.0,0.0,1000.0
113,18,113,999.0,1.0,0.0,1000.0
114,18,114,999.0,1.0,0.0,1000.0
115,18,115,999.0,1.0,0.0,1000.0
116,18,116,999.0,1.0,0.0,1000.0
117,18,117,999.0,1.0,0.0,1000.0
118,18,118,1000.0,0.0,0.0,1000.0
119,18,119,1000.0,0.0,0.0,1000.0
120,18,120,1000.0,0.0,0.0,1000.0
121,18,121,1000.0,0.0,0.0,1000.0
122,18,122,1000.0,0.0,0.0,1000.0
123,18,123,1000.0,0.0,0.0,1000.0
124,18,124,1000.0,0.0,0.0,1000.0
125,18,125,1000.0,0.0,0.0,1000.0
126,18,126,1000.0,0.0,0.0,1000.0
127,18,127,1000.0,0.0,0.0,1000.0
128,18,128,1000.0,0.0,0.0,1000.0
129,18,129,1000.0,0.0,0.0,1000.0
130,18,130,1000.0,0.0,0.0,1000.0
131,18,131,1000.0,0.0,0.0,1000.0
132,18,132,1000.0,0.0,0.0,1000.0
133,18,133,1000.0,0.0,0.0,1000.0
134,18,134,1000.0,0.0,0.0,1000.0
135,18,135,1000.0,0.0,0.0,1000.0
136,18,136,1000.0,0.0,0.0,1000.0
137,18,137,1000.0,0.0,0.0,1000.0
138,18,138,1000.0,0.0,0.0,1000.0
139,18,139,1000.0,0.0,0.0,1000.0
140,18,140,1000.0,0.0,0.0,1000.0
141,18,141,1000.0,0.0,0.0,1000.0
142,18,142,1000.0,0.0,0.0,1000.0
143,18,143,1000.0,0.0,0.0,1000.0
144,18,144,1000.0,0.0,0.0,1000.0
145,18,145,1000.0,0.0,0.0,1000.0
146,18,146,1000.0,0.0,0.0,1000.0
147,18,147,1000.0,0.0,0.0,1000.0
148,18,148,1000.0,0.0,0.0,1000.0
149,18,149,1000.0,0.0,0.0,1000.0
0,19,0,999.0,1.0,500.0,500.0
1,19,1,999.0,1.0,568.0,432.0
2,19,2,999.0,1.0,114.0,886.0
3,19,3,999.0,1.0,97.0,903.0
4,19,4,999.0,1.0,96.0,904.0
5,19,5,999.0,1.0,7.0,993.0
6,19,6,999.0,1.0,7.0,993.0
7,19,7,1000.0,0.0,7.0,993.0
8,19,8,1000.0,0.0,7.0,993.0
9,19,9,1000.0,0.0,7.0,993.0
10,19,10,1000.0,0.0,7.0,993.0
11,19,11,1000.0,0.0,7.0,993.0
12,19,12,1000.0,0.0,7.0,993.0
13,19,13,1000.0,0.0,7.0,993.0
14,19,14,1000.0,0.0,7.0,993.0
15,19,15,1000.0,0.0,7.0,993.0
16,19,16,1000.0,0.0,7.0,993.0
17,19,17,1000.0,0.0,7.0,993.0
18,19,18,1000.0,0.0,7.0,993.0
19,19,19,1000.0,0.0,7.0,993.0
20,19,20,1000.0,0.0,7.0,993.0
21,19,21,1000.0,0.0,7.0,993.0
22,19,22,1000.0,0.0,7.0,993.0
23,19,23,1000.0,0.0,7.0,993.0
24,19,24,1000.0,0.0,7.0,993.0
25,19,25,1000.0,0.0,7.0,993.0
26,19,26,1000.0,0.0,7.0,993.0
27,19,27,1000.0,0.0,7.0,993.0
28,19,28,1000.0,0.0,7.0,993.0
29,19,29,1000.0,0.0,8.0,992.0
30,19,30,1000.0,0.0,7.0,993.0
31,19,31,1000.0,0.0,7.0,993.0
32,19,32,1000.0,0.0,7.0,993.0
33,19,33,1000.0,0.0,7.0,993.0
34,19,34,1000.0,0.0,7.0,993.0
35,19,35,1000.0,0.0,7.0,993.0
36,19,36,1000.0,0.0,7.0,993.0
37,19,37,1000.0,0.0,7.0,993.0
38,19,38,1000.0,0.0,7.0,993.0
39,19,39,1000.0,0.0,7.0,993.0
40,19,40,1000.0,0.0,7.0,993.0
41,19,41,1000.0,0.0,7.0,993.0
42,19,42,1000.0,0.0,8.0,992.0
43,19,43,1000.0,0.0,7.0,993.0
44,19,44,1000.0,0.0,7.0,993.0
45,19,45,1000.0,0.0,7.0,993.0
46,19,46,1000.0,0.0,7.0,993.0
47,19,47,1000.0,0.0,7.0,993.0
48,19,48,1000.0,0.0,7.0,993.0
49,19,49,1000.0,0.0,7.0,993.0
50,19,50,1000.0,0.0,7.0,993.0
51,19,51,1000.0,0.0,8.0,992.0
52,19,52,1000.0,0.0,7.0,993.0
53,19,53,1000.0,0.0,7.0,993.0
54,19,54,1000.0,0.0,7.0,993.0
55,19,55,1000.0,0.0,7.0,993.0
56,19,56,1000.0,0.0,7.0,993.0
57,19,57,1000.0,0.0,7.0,993.0
58,19,58,1000.0,0.0,7.0,993.0
59,19,59,1000.0,0.0,7.0,993.0
60,19,60,1000.0,0.0,7.0,993.0
61,19,61,1000.0,0.0,7.0,993.0
62,19,62,1000.0,0.0,7.0,993.0
63,19,63,1000.0,0.0,7.0,993.0
64,19,64,1000.0,0.0,7.0,993.0
65,19,65,1000.0,0.0,7.0,993.0
66,19,66,1000.0,0.0,7.0,993.0
67,19,67,1000.0,0.0,7.0,993.0
68,19,68,1000.0,0.0,7.0,993.0
69,19,69,1000.0,0.0,7.0,993.0
70,19,70,1000.0,0.0,7.0,993.0
71,19,71,1000.0,0.0,7.0,993.0
72,19,72,1000.0,0.0,8.0,992.0
73,19,73,1000.0,0.0,7.0,993.0
74,19,74,1000.0,0.0,7.0,993.0
75,19,75,1000.0,0.0,7.0,993.0
76,19,76,1000.0,0.0,7.0,993.0
77,19,77,1000.0,0.0,7.0,993.0
78,19,78,1000.0,0.0,7.0,993.0
79,19,79,1000.0,0.0,7.0,993.0
80,19,80,1000.0,0.0,7.0,993.0
81,19,81,1000.0,0.0,7.0,993.0
82,19,82,1000.0,0.0,7.0,993.0
83,19,83,1000.0,0.0,8.0,992.0
84,19,84,1000.0,0.0,7.0,993.0
85,19,85,1000.0,0.0,7.0,993.0
86,19,86,1000.0,0.0,7.0,993.0
87,19,87,1000.0,0.0,7.0,993.0
88,19,88,1000.0,0.0,7.0,993.0
89,19,89,1000.0,0.0,7.0,993.0
90,19,90,1000.0,0.0,7.0,993.0
91,19,91,1000.0,0.0,7.0,993.0
92,19,92,1000.0,0.0,7.0,993.0
93,19,93,1000.0,0.0,7.0,993.0
94,19,94,1000.0,0.0,7.0,993.0
95,19,95,1000.0,0.0,7.0,993.0
96,19,96,1000.0,0.0,7.0,993.0
97,19,97,1000.0,0.0,7.0,993.0
98,19,98,1000.0,0.0,7.0,993.0
99,19,99,1000.0,0.0,7.0,993.0
100,19,100,1000.0,0.0,7.0,993.0
101,19,101,1000.0,0.0,7.0,993.0
102,19,102,1000.0,0.0,7.0,993.0
103,19,103,1000.0,0.0,7.0,993.0
104,19,104,1000.0,0.0,7.0,993.0
105,19,105,1000.0,0.0,7.0,993.0
106,19,106,1000.0,0.0,7.0,993.0
107,19,107,1000.0,0.0,7.0,993.0
108,19,108,1000.0,0.0,7.0,993.0
109,19,109,1000.0,0.0,7.0,993.0
110,19,110,1000.0,0.0,7.0,993.0
111,19,111,1000.0,0.0,7.0,993.0
112,19,112,1000.0,0.0,7.0,993.0
113,19,113,1000.0,0.0,7.0,993.0
114,19,114,1000.0,0.0,8.0,992.0
115,19,115,1000.0,0.0,7.0,993.0
116,19,116,1000.0,0.0,7.0,993.0
117,19,117,1000.0,0.0,8.0,992.0
118,19,118,1000.0,0.0,7.0,993.0
119,19,119,1000.0,0.0,7.0,993.0
120,19,120,1000.0,0.0,7.0,993.0
121,19,121,1000.0,0.0,8.0,992.0
122,19,122,1000.0,0.0,7.0,993.0
123,19,123,1000.0,0.0,7.0,993.0
124,19,124,1000.0,0.0,7.0,993.0
125,19,125,1000.0,0.0,7.0,993.0
126,19,126,1000.0,0.0,7.0,993.0
127,19,127,1000.0,0.0,7.0,993.0
128,19,128,1000.0,0.0,7.0,993.0
129,19,129,1000.0,0.0,7.0,993.0
130,19,130,1000.0,0.0,7.0,993.0
131,19,131,1000.0,0.0,7.0,993.0
132,19,132,1000.0,0.0,7.0,993.0
133,19,133,1000.0,0.0,7.0,993.0
134,19,134,1000.0,0.0,7.0,993.0
135,19,135,1000.0,0.0,7.0,993.0
136,19,136,1000.0,0.0,7.0,993.0
137,19,137,1000.0,0.0,7.0,993.0
138,19,138,1000.0,0.0,7.0,993.0
139,19,139,1000.0,0.0,7.0,993.0
140,19,140,1000.0,0.0,7.0,993.0
141,19,141,1000.0,0.0,7.0,993.0
142,19,142,1000.0,0.0,7.0,993.0
143,19,143,1000.0,0.0,8.0,992.0
144,19,144,1000.0,0.0,7.0,993.0
145,19,145,1000.0,0.0,7.0,993.0
146,19,146,1000.0,0.0,7.0,993.0
147,19,147,1000.0,0.0,7.0,993.0
148,19,148,1000.0,0.0,7.0,993.0
149,19,149,1000.0,0.0,7.0,993.0
